gene_name,aro_id,aro_name,antibiotic_class
CblA-1,3002999,CblA-1,
SHV-52,3001109,SHV-52,
dfrF,3002867,dfrF,
CTX-M-130,3001989,CTX-M-130,
NDM-6,3002356,NDM-6,
ACT-35,3001855,ACT-35,
CARB-5,3002244,CARB-5,
Erm(34),3000600,Erm(34),
TEM-126,3000988,TEM-126,
LRA-12,3002511,LRA-12,
TEM-72,3000938,TEM-72,
TEM-59,3000928,TEM-59,
KPC-10,3002320,KPC-10,
OXA-212,3001711,OXA-212,
IMP-2,3002193,IMP-2,
CMY-1,3002012,CMY-1,
OXA-329,3001517,OXA-329,
ACT-10,3001832,ACT-10,
OXA-371,3001557,OXA-371,
fusB,3003552,fusB,
CTX-M-121,3001980,CTX-M-121,
VEB-3,3002372,VEB-3,
lnuA,3002835,lnuA,
OXA-45,3001794,OXA-45,
OXA-226,3001800,OXA-226,
CTX-M-155,3003163,CTX-M-155,
DHA-15,3002146,DHA-15,
msrE,3003109,msrE,
OXY-6-3,3002415,OXY-6-3,
FosA2,3002804,FosA2,
APH(3')-Va,3002649,APH(3')-Va,
AAC(3)-Ia,3002528,AAC(3)-Ia,
QnrB58,3002771,QnrB58,
rmtH,3003198,rmtH,
OXY-6-1,3002413,OXY-6-1,
golS,3000504,golS,
mdtP,3003550,mdtP,
CMY-114,3002125,CMY-114,
OXA-60,3001808,OXA-60,
OXA-90,3001650,OXA-90,
SME-2,3002380,SME-2,
AAC(3)-IIIc,3002538,AAC(3)-IIIc,
OXY-2-2,3002397,OXY-2-2,
MOX-5,3002188,MOX-5,
TEM-34,3000904,TEM-34,
OXA-69,3001617,OXA-69,
TEM-7,3000879,TEM-7,
SHV-24,3001082,SHV-24,
QnrB47,3002762,QnrB47,
OXA-256,3001502,OXA-256,
QnrS6,3002795,QnrS6,
OXA-330,3001518,OXA-330,
CMY-42,3002053,CMY-42,
AAC(6')-Ib,3002546,AAC(6')-Ib,
CMY-70,3002083,CMY-70,
GES-21,3002350,GES-21,
SHV-41,3001099,SHV-41,
OXA-391,3001577,OXA-391,
TEM-132,3000996,TEM-132,
aadA23,3002620,aadA23,
NDM-10,3002360,NDM-10,
QnrB66,3002778,QnrB66,
SHV-42,3001100,SHV-42,
OXA-35,3001429,OXA-35,
SHV-18,3001076,SHV-18,
fusH,3003026,fusH,
SHV-79,3001133,SHV-79,
TEM-47,3000916,TEM-47,
TEM-16,3000887,TEM-16,
VIM-37,3002307,VIM-37,
ACT-29,3001849,ACT-29,
FOX-3,3002157,FOX-3,
PER-4,3002366,PER-4,
GIM-1,3000845,GIM-1,
IMP-42,3002233,IMP-42,
TEM-102,3000965,TEM-102,
TEM-116,3000979,TEM-116,
CMY-55,3002066,CMY-55,
gadX,3000508,gadX,
CTX-M-42,3001904,CTX-M-42,
SHV-105,3001154,SHV-105,
CMY-79,3002092,CMY-79,
CMY-56,3002067,CMY-56,
OXA-426,3003149,OXA-426,
CMY-48,3002059,CMY-48,
QnrB38,3002753,QnrB38,
TEM-109,3000972,TEM-109,
TLA-2,3003203,TLA-2,
SHV-12,3001071,SHV-12,
OXA-61,3001773,OXA-61,
CARB-4,3002243,CARB-4,
catB9,3002681,catB9,
TEM-43,3000912,TEM-43,
PDC-8,3002507,PDC-8,
ErmE,3000326,ErmE,
AAC(6')-Iu,3002565,AAC(6')-Iu,
VEB-5,3002375,VEB-5,
dfrA13,3003012,dfrA13,
TEM-87,3000954,TEM-87,
QnrB18,3002733,QnrB18,
LRA-9,3002488,LRA-9,
VIM-12,3002282,VIM-12,
aadA4,3002604,aadA4,
mdtF,3000796,mdtF,
VIM-34,3002304,VIM-34,
SHV-64,3001119,SHV-64,
IND-7,3002263,IND-7,
SHV-182,3001364,SHV-182,
TEM-183,3001045,TEM-183,
clbB,3002815,clbB,
srmB,3002828,srmB,
FosX,3000198,FosX,
CTX-M-112,3001972,CTX-M-112,
CTX-M-50,3001912,CTX-M-50,
TEM-198,3001057,TEM-198,
arr-8,3002853,arr-8,
rgt1438,3002883,rgt1438,
SME-5,3002383,SME-5,
CMY-9,3002020,CMY-9,
APH(2'')-Ie,3002634,APH(2'')-Ie,
QnrB10,3002724,QnrB10,
AAC(6')-IIb,3002595,AAC(6')-IIb,
cphA7,3003103,cphA7,
IMP-12,3002203,IMP-12,
OXA-229,3001692,OXA-229,
OXA-98,3001646,OXA-98,
OXA-27,3001422,OXA-27,
SHV-92,3001144,SHV-92,
aadA12,3002612,aadA12,
catB3,3002676,catB3,
OKP-A-15,3002432,OKP-A-15,
cpxA,3000830,cpxA,
adeF,3000777,adeF,
mgrA,3000815,mgrA,
TEM-195,3001055,TEM-195,
AAC(6')-Iaf,3002574,AAC(6')-Iaf,
dfrA21,3003017,dfrA21,
myrA,3001300,myrA,
vgaALC,3002830,vgaALC,
OXA-236,3001677,OXA-236,
SHV-56,3001112,SHV-56,
KPC-8,3002318,KPC-8,
OXA-376,3001562,OXA-376,
vanN,3002912,vanN,
VIM-29,3002299,VIM-29,
tet(42),3000572,tet(42),
tet(45),3003196,tet(45),
tet(E),3000173,tet(E),
tsnR,3003060,tsnR,
CMY-39,3002050,CMY-39,
VIM-17,3002287,VIM-17,
fosA5,3003209,fosA5,
Streptomyces lividans cmlR,3002690,Streptomyces lividans cmlR,
vanR gene in vanB cluster,3002921,vanR gene in vanB cluster,
IMP-33,3002224,IMP-33,
IMP-19,3002210,IMP-19,
TEM-78,3000944,TEM-78,
arr-4,3002849,arr-4,
CfxA2,3003002,CfxA2,
CTX-M-24,3001886,CTX-M-24,
CMY-25,3002036,CMY-25,
IMP-51,3003659,IMP-51,
QnrA5,3002711,QnrA5,
DHA-19,3002150,DHA-19,
GES-14,3002343,GES-14,
arlS,3000839,arlS,
adeS,3000549,adeS,
OCH-1,3002514,OCH-1,
OXA-232,3001778,OXA-232,
OXA-12,3001407,OXA-12,
OXA-348,3001535,OXA-348,
SHV-89,3001141,SHV-89,
CTX-M-19,3001881,CTX-M-19,
OXA-195,3001480,OXA-195,
OXA-199,3001814,OXA-199,
CTX-M-38,3001900,CTX-M-38,
TEM-121,3000983,TEM-121,
SHV-61,3001116,SHV-61,
CTX-M-58,3001919,CTX-M-58,
CTX-M-56,3001918,CTX-M-56,
TEM-138,3001002,TEM-138,
SRT-1,3002493,SRT-1,
LEN-14,3002477,LEN-14,
OCH-3,3002516,OCH-3,
SHV-101,3001150,SHV-101,
OXY-2-8,3002403,OXY-2-8,
VIM-43,3003179,VIM-43,
APH(4)-Ia,3002655,APH(4)-Ia,
FomA,3000423,FomA,
GES-12,3002341,GES-12,
CMY-105,3002117,CMY-105,
SHV-35,3001093,SHV-35,
TEM-206,3001383,TEM-206,
OXA-21,3001416,OXA-21,
SHV-121,3001168,SHV-121,
bcrC,3003250,bcrC,
LEN-9,3002459,LEN-9,
npmA,3002665,npmA,
OKP-A-12,3002429,OKP-A-12,
TEM-92,3000959,TEM-92,
CMY-100,3002112,CMY-100,
GES-3,3002332,GES-3,
MIR-2,3002168,MIR-2,
CTX-M-88,3001948,CTX-M-88,
OXA-113,3001644,OXA-113,
OKP-B-3,3002436,OKP-B-3,
sdiA,3000826,sdiA,
OXA-422,3003160,OXA-422,
OXA-178,3001472,OXA-178,
imiH,3003094,imiH,
LEN-21,3002468,LEN-21,
QnrS8,3002797,QnrS8,
OXA-181,3001784,OXA-181,
ACT-19,3001840,ACT-19,
SHV-137,3001181,SHV-137,
OXA-83,3001623,OXA-83,
ACT-30,3001850,ACT-30,
SHV-152,3001191,SHV-152,
OXA-9,3001404,OXA-9,
SHV-164,3001347,SHV-164,
cmlA5,3002695,cmlA5,
CTX-M-126,3001985,CTX-M-126,
TEM-158,3001024,TEM-158,
OKP-B-9,3002442,OKP-B-9,
ermZ,3004605,ermZ,
APH(3')-VIIa,3002654,APH(3')-VIIa,
APH(9)-Ia,3002662,APH(9)-Ia,
OXA-150,3001455,OXA-150,
CMY-21,3002032,CMY-21,
ACT-37,3003172,ACT-37,
OXA-208,3001486,OXA-208,
ErmN,3000592,ErmN,
CMY-65,3002078,CMY-65,
VIM-8,3002278,VIM-8,
dfrA24,3002856,dfrA24,
lsaE,3003206,lsaE,
SHV-128,3001175,SHV-128,
QnrB13,3002727,QnrB13,
OXA-43,3001770,OXA-43,
CfxA6,3003097,CfxA6,
CMY-8,3002019,CMY-8,
LEN-20,3002467,LEN-20,
CMY-4,3002015,CMY-4,
QnrB36,3002751,QnrB36,
VEB-7,3002376,VEB-7,
OXA-174,3001658,OXA-174,
OKP-B-2,3002435,OKP-B-2,
TEM-91,3000958,TEM-91,
imiS,3003095,imiS,
CTX-M-107,3001967,CTX-M-107,
CTX-M-11,3001874,CTX-M-11,
CMY-110,3002071,CMY-110,
CTX-M-125,3001984,CTX-M-125,
CMY-85,3002098,CMY-85,
smeD,3003055,smeD,
TEM-11,3000883,TEM-11,
SHV-162,3001201,SHV-162,
TEM-67,3000934,TEM-67,
CMY-60,3002073,CMY-60,
OXA-85,3001780,OXA-85,
vatD,3002843,vatD,
APH(3')-Ia,3002641,APH(3')-Ia,
TEM-17,3000888,TEM-17,
SHV-180,3001350,SHV-180,
CfxA4,3003005,CfxA4,
OXA-145,3001804,OXA-145,
VIM-23,3002293,VIM-23,
CMY-98,3002111,CMY-98,
AAC(6')-29a,3002583,AAC(6')-29a,
CMY-95,3002108,CMY-95,
TEM-207,3001384,TEM-207,
ErmQ,3000593,ErmQ,
IND-11,3002267,IND-11,
chrB,3001302,chrB,
SHV-32,3001090,SHV-32,
CTX-M-101,3001960,CTX-M-101,
CMY-118,3002129,CMY-118,
CMY-35,3002046,CMY-35,
SHV-78,3001132,SHV-78,
IND-2,3002257,IND-2,
OXA-167,3001467,OXA-167,
OXA-143,3001654,OXA-143,
TEM-176,3001041,TEM-176,
DHA-2,3002133,DHA-2,
CTX-M-36,3001898,CTX-M-36,
TEM-148,3001015,TEM-148,
OXA-358,3001545,OXA-358,
OXA-366,3001553,OXA-366,
CTX-M-35,3001897,CTX-M-35,
aadA9,3002609,aadA9,
QnrB54,3002767,QnrB54,
LEN-23,3002470,LEN-23,
OprN,3000805,OprN,
Rhodococcus fascians cmr,3002701,Rhodococcus fascians cmr,
OXA-225,3001493,OXA-225,
GES-17,3002346,GES-17,
JOHN-1,3000840,JOHN-1,
vanR gene in vanF cluster,3002925,vanR gene in vanF cluster,
CepS,3003553,CepS,
FEZ-1,3000606,FEZ-1,
CTX-M-159,3003167,CTX-M-159,
IMP-26,3002217,IMP-26,
TEM-166,3001032,TEM-166,
vanXY gene in vanG cluster,3003069,vanXY gene in vanG cluster,
CARB-23,3003186,CARB-23,
mexX,3003034,mexX,
adeC,3003811,adeC,
OXY-1-2,3002390,OXY-1-2,
NDM-23,3004866,NDM-23,
CMY-51,3002062,CMY-51,
IMP-1,3002192,IMP-1,
smeS,3003067,smeS,
OXA-31,3001425,OXA-31,
SHV-188,3003155,SHV-188,
bcrA,3002987,bcrA,
QnrB23,3002738,QnrB23,
OXY-3-1,3002409,OXY-3-1,
vanL,3002910,vanL,
ykkD,3003064,ykkD,
SHV-6,3001065,SHV-6,
PDC-5,3002502,PDC-5,
QnrB2,3002715,QnrB2,
QnrB24,3002739,QnrB24,
ErmU,3001305,ErmU,
VIM-38,3002308,VIM-38,
QnrB42,3002757,QnrB42,
TEM-112,3000975,TEM-112,
AAC(6')-Iy,3002569,AAC(6')-Iy,
OXA-278,3001681,OXA-278,
CTX-M-151,3002008,CTX-M-151,
TEM-155,3001021,TEM-155,
CMY-83,3002096,CMY-83,
TEM-122,3000984,TEM-122,
CTX-M-25,3001887,CTX-M-25,
CARB-14,3002252,CARB-14,
SHV-15,3001074,SHV-15,
SHV-8,3001067,SHV-8,
qacA,3003046,qacA,
MIR-3,3002169,MIR-3,
SHV-21,3001079,SHV-21,
mdtH,3001216,mdtH,
lnuC,3002837,lnuC,
mepA,3000026,mepA,
TEM-214,3001391,TEM-214,
OXA-148,3001453,OXA-148,
CTX-M-147,3002005,CTX-M-147,
QnrS1,3002790,QnrS1,
QnrB61,3002774,QnrB61,
APH(2'')-IVa,3002637,APH(2'')-IVa,
OXA-46,3001797,OXA-46,
LEN-8,3002458,LEN-8,
mdtA,3000792,mdtA,
QnrB71,3002783,QnrB71,
VIM-2,3002272,VIM-2,
QnrS5,3002794,QnrS5,
OXA-130,3001651,OXA-130,
sul3,3000413,sul3,
OXA-357,3001544,OXA-357,
TEM-71,3000937,TEM-71,
MIR-16,3002181,MIR-16,
PDC-1,3002497,PDC-1,
ACT-22,3001843,ACT-22,
dfrA8,3002863,dfrA8,
OXA-217,3001489,OXA-217,
OXA-202,3001667,OXA-202,
ACC-4,3001818,ACC-4,
OXA-352,3001539,OXA-352,
OXA-380,3001566,OXA-380,
AAC(3)-IIIb,3002537,AAC(3)-IIIb,
QnrB11,3002725,QnrB11,
OXA-117,3001442,OXA-117,
OXA-144,3002480,OXA-144,
OXA-377,3001563,OXA-377,
TEM-33,3000903,TEM-33,
OXA-204,3001788,OXA-204,
QnrB6,3002720,QnrB6,
OXA-325,3001513,OXA-325,
SLB-1,3003556,SLB-1,
CTX-M-1,3001864,CTX-M-1,
TEM-2,3000874,TEM-2,
FOX-10,3002162,FOX-10,
DHA-16,3002147,DHA-16,
SHV-36,3001094,SHV-36,
TEM-182,3001373,TEM-182,
aadK,3002627,aadK,
OCH-7,3002520,OCH-7,
OXY-2-7,3002402,OXY-2-7,
mdsA,3000789,mdsA,
OXA-87,3001704,OXA-87,
ACT-25,3001845,ACT-25,
LEN-16,3002464,LEN-16,
OKP-A-9,3002426,OKP-A-9,
OXY-4-1,3002410,OXY-4-1,
SHV-69,3001123,SHV-69,
VIM-6,3002276,VIM-6,
SHV-83,3001137,SHV-83,
OXA-54,3001812,OXA-54,
OKP-B-10,3002443,OKP-B-10,
AAC(6')-Ib-Suzhou,3002591,AAC(6')-Ib-Suzhou,
TEM-22,3000893,TEM-22,
catB8,3002680,catB8,
SHV-67,3001122,SHV-67,
dfrG,3002868,dfrG,
SHV-133,3001177,SHV-133,
OXA-51,3001612,OXA-51,
LRA-5,3002483,LRA-5,
QnrVC4,3002801,QnrVC4,
mtrE,3000812,mtrE,
KPC-4,3002314,KPC-4,
vanC,3000368,vanC,
adeR,3000553,adeR,
OXA-93,3001628,OXA-93,
CTX-M-94,3001954,CTX-M-94,
CMY-29,3002040,CMY-29,
OXA-13,3001408,OXA-13,
CTX-M-30,3001892,CTX-M-30,
NDM-13,3003182,NDM-13,
CTX-M-76,3001937,CTX-M-76,
CARB-3,3002242,CARB-3,
Erm(37),3000392,Erm(37),
SHV-49,3001106,SHV-49,
OXA-4,3001399,OXA-4,
TEM-151,3001018,TEM-151,
TEM-128,3000990,TEM-128,
dfrD,3002866,dfrD,
OXA-106,3001637,OXA-106,
amrB,3002983,amrB,
catP,3002686,catP,
AAC(3)-IIa,3002533,AAC(3)-IIa,
IMP-29,3002220,IMP-29,
GES-9,3002338,GES-9,
VIM-30,3002300,VIM-30,
LEN-1,3002454,LEN-1,
GES-7,3002336,GES-7,
QnrB49,3002764,QnrB49,
TEM-191,3001051,TEM-191,
MexA,3000377,MexA,
tet(B),3000166,tet(B),
tet(Y),3000182,tet(Y),
tlrB conferring tylosin resistance,3001299,tlrB conferring tylosin resistance,
tetR,3003479,tetR,
blaF,3003562,blaF,
mphF,3003071,mphF,
cmlB,3002698,cmlB,
macB,3000535,macB,
SHV-156,3001195,SHV-156,
TEM-188,3001048,TEM-188,
TUS-1,3000844,TUS-1,
OpmD,3000809,OpmD,
PER-2,3002364,PER-2,
TEM-84,3000951,TEM-84,
KPC-14,3002324,KPC-14,
CMY-28,3002039,CMY-28,
vanR gene in vanL cluster,3002927,vanR gene in vanL cluster,
tet(W),3000194,tet(W),
KPC-16,3002326,KPC-16,
OXA-79,3001633,OXA-79,
QnrB17,3002732,QnrB17,
OXA-164,3001662,OXA-164,
AAC(3)-VIIIa,3002542,AAC(3)-VIIIa,
aadA17,3002617,aadA17,
CTX-M-69,3001930,CTX-M-69,
TEM-52,3000921,TEM-52,
IMP-5,3002196,IMP-5,
rosB,3003049,rosB,
tetA(P),3000180,tetA(P),
FOX-1,3002155,FOX-1,
CTX-M-9,3001872,CTX-M-9,
dfrA3,3003105,dfrA3,
CTX-M-82,3001943,CTX-M-82,
CARB-19,3003175,CARB-19,
LEN-10,3002460,LEN-10,
NDM-24,3004867,NDM-24,
QnrD2,3002789,QnrD2,
VIM-26,3002296,VIM-26,
OXA-386,3001572,OXA-386,
OXA-75,3001620,OXA-75,
dfrA25,3003020,dfrA25,
CMY-13,3002024,CMY-13,
ACT-2,3001822,ACT-2,
SHV-38,3001096,SHV-38,
OCH-8,3002521,OCH-8,
SHV-185,3003152,SHV-185,
VIM-11,3002281,VIM-11,
CTX-M-47,3001909,CTX-M-47,
CARB-16,3002255,CARB-16,
TEM-95,3000962,TEM-95,
OXA-120,3001672,OXA-120,
QnrB59,3002772,QnrB59,
emrY,3000254,emrY,
TEM-133,3000997,TEM-133,
adeH,3000779,adeH,
TEM-106,3000969,TEM-106,
AAC(6')-Is,3002562,AAC(6')-Is,
GES-22,3002351,GES-22,
TLA-1,3003202,TLA-1,
arr-5,3002850,arr-5,
QnrB3,3002716,QnrB3,
TEM-107,3000970,TEM-107,
CMY-71,3002084,CMY-71,
CTX-M-117,3001977,CTX-M-117,
QnrB28,3002743,QnrB28,
VIM-35,3002305,VIM-35,
OXA-163,3001783,OXA-163,
OXA-133,3001702,OXA-133,
SHV-9,3001068,SHV-9,
qacB,3003047,qacB,
OXA-77,3001622,OXA-77,
OKP-B-8,3002441,OKP-B-8,
TEM-187,3001047,TEM-187,
OKP-B-6,3002439,OKP-B-6,
IMP-22,3002213,IMP-22,
SHV-82,3001136,SHV-82,
OXA-32,3001426,OXA-32,
CTX-M-41,3001903,CTX-M-41,
CTX-M-20,3001882,CTX-M-20,
OXA-228,3001691,OXA-228,
clbA,3002814,clbA,
OXA-137,3001767,OXA-137,
OXA-136,3001765,OXA-136,
AAC(6')-Ia,3002545,AAC(6')-Ia,
AAC(3)-Ib,3002530,AAC(3)-Ib,
MIR-5,3002170,MIR-5,
QnrB65,3002777,QnrB65,
SHV-11,3001070,SHV-11,
vgaA,3002829,vgaA,
TEM-110,3000973,TEM-110,
QnrB19,3002734,QnrB19,
FOX-7,3002160,FOX-7,
SHV-100,3001338,SHV-100,
aadA21,3002618,aadA21,
NDM-7,3002357,NDM-7,
VIM-20,3002290,VIM-20,
TEM-73,3000939,TEM-73,
OKP-A-7,3002424,OKP-A-7,
TEM-145,3001012,TEM-145,
IND-6,3002262,IND-6,
CTX-M-122,3001981,CTX-M-122,
lmrB,3002813,lmrB,
abeS,3000768,abeS,
QnrB41,3002756,QnrB41,
SHV-75,3001129,SHV-75,
ROB-1,3002995,ROB-1,
dfrA16,3003014,dfrA16,
OKP-A-3,3002420,OKP-A-3,
CMY-2,3002013,CMY-2,
dfrA20,3003016,dfrA20,
VIM-16,3002286,VIM-16,
mdtG,3001329,mdtG,
OXA-385,3001571,OXA-385,
OXA-96,3001631,OXA-96,
IMI-2,3001859,IMI-2,
TEM-201,3001378,TEM-201,
OXA-361,3001548,OXA-361,
emrK,3000206,emrK,
SHV-153,3001192,SHV-153,
OXA-328,3001516,OXA-328,
PDC-7,3002506,PDC-7,
VEB-4,3002373,VEB-4,
SFB-1,3003557,SFB-1,
OXA-211,3001710,OXA-211,
NDM-8,3002358,NDM-8,
OXA-147,3001801,OXA-147,
emeA,3003551,emeA,
SHV-30,3001088,SHV-30,
OXA-320,3001793,OXA-320,
ErmF,3000498,ErmF,
DHA-7,3002136,DHA-7,
OXA-68,3001616,OXA-68,
QnrB46,3002761,QnrB46,
catB10,3003110,catB10,
VIM-28,3002298,VIM-28,
adeJ,3000781,adeJ,
TEM-21,3000892,TEM-21,
OXA-355,3001542,OXA-355,
smeF,3003057,smeF,
OXA-332,3001520,OXA-332,
CFE-1,3001856,CFE-1,
OXY-6-2,3002414,OXY-6-2,
ACT-16,3001827,ACT-16,
CARB-6,3002245,CARB-6,
aadA25,3003197,aadA25,
OXY-2-5,3002400,OXY-2-5,
OXY-2-1,3002396,OXY-2-1,
mecR1,3000215,mecR1,
OXA-349,3001536,OXA-349,
TEM-89,3000956,TEM-89,
GES-4,3002333,GES-4,
OXA-115,3001440,OXA-115,
aadA,3002601,aadA,
tcr3,3002893,tcr3,
SAT-3,3002898,SAT-3,
tet(31),3000476,tet(31),
eptA,3003576,eptA,
Clostridium butyricum catB,3002674,Clostridium butyricum catB,
AAC(3)-VIIa,3002541,AAC(3)-VIIa,
dfrA26,3002857,dfrA26,
OXA-243,3001610,OXA-243,
OXA-219,3001668,OXA-219,
AcrS,3000656,AcrS,
vanY gene in vanB cluster,3002956,vanY gene in vanB cluster,
vanXY gene in vanE cluster,3002967,vanXY gene in vanE cluster,
vanV gene in vanB cluster,3004254,vanV gene in vanB cluster,
SHV-142,3001184,SHV-142,
CMY-104,3002116,CMY-104,
AAC(6')-29b,3002584,AAC(6')-29b,
VIM-5,3002275,VIM-5,
TEM-162,3001028,TEM-162,
ACT-36,3003171,ACT-36,
CMY-43,3002054,CMY-43,
TEM-10,3000882,TEM-10,
CTX-M-34,3001896,CTX-M-34,
ACT-1,3001821,ACT-1,
CTX-M-65,3001926,CTX-M-65,
MIR-12,3002177,MIR-12,
IND-3,3002259,IND-3,
CTX-M-137,3001994,CTX-M-137,
CMY-27,3002038,CMY-27,
IMP-48,3002239,IMP-48,
OXA-15,3001410,OXA-15,
OXA-25,3001420,OXA-25,
AAC(6')-Ih,3002555,AAC(6')-Ih,
OXA-171,3001471,OXA-171,
PDC-10,3002509,PDC-10,
SHV-108,3001157,SHV-108,
CMY-54,3002065,CMY-54,
TEM-120,3000982,TEM-120,
QnrS4,3002793,QnrS4,
CMY-75,3002088,CMY-75,
SHV-37,3001095,SHV-37,
OXA-239,3001498,OXA-239,
OXA-162,3001776,OXA-162,
APH(3')-Vc,3002651,APH(3')-Vc,
MOX-2,3002183,MOX-2,
CTX-M-123,3001982,CTX-M-123,
OXA-347,3001777,OXA-347,
TEM-159,3001025,TEM-159,
OXA-22,3001417,OXA-22,
CTX-M-40,3001902,CTX-M-40,
CMY-66,3002079,CMY-66,
cfrA,3003441,cfrA,
Erm(42),3003106,Erm(42),
TEM-205,3001382,TEM-205,
QnrS9,3002798,QnrS9,
ACT-31,3001851,ACT-31,
SHV-129,3001176,SHV-129,
CTX-M-98,3001957,CTX-M-98,
cmlv,3002700,cmlv,
CMY-116,3002127,CMY-116,
APH(7'')-Ia,3002661,APH(7'')-Ia,
AIM-1,3000853,AIM-1,
CTX-M-49,3001911,CTX-M-49,
TEM-213,3001390,TEM-213,
dfrB6,3003023,dfrB6,
SHV-62,3001117,SHV-62,
catB2,3002675,catB2,
CTX-M-81,3001942,CTX-M-81,
dfrB1,3002864,dfrB1,
PDC-3,3002500,PDC-3,
QnrB32,3002747,QnrB32,
CTX-M-100,3001959,CTX-M-100,
LRA-8,3002487,LRA-8,
CMY-33,3002044,CMY-33,
BcI,3002877,BcI,
OXA-28,3001423,OXA-28,
SHV-72,3001126,SHV-72,
AAC(6')-Ij,3002557,AAC(6')-Ij,
GES-11,3002340,GES-11,
PC1 beta-lactamase (blaZ),3000621,PC1 beta-lactamase (blaZ),
ErmS,3001304,ErmS,
TEM-192,3001052,TEM-192,
CTX-M-8,3001871,CTX-M-8,
AAC(6')-IIc,3002596,AAC(6')-IIc,
IMP-11,3002202,IMP-11,
OXA-237,3001678,OXA-237,
NDM-25,3004868,NDM-25,
TEM-30,3000900,TEM-30,
arr-7,3002852,arr-7,
AAC(6')-Iae,3002573,AAC(6')-Iae,
LRA-18,3002492,LRA-18,
QnrB21,3002736,QnrB21,
CfxA,3003001,CfxA,
AAC(3)-Id,3002529,AAC(3)-Id,
arr-3,3002848,arr-3,
CMY-40,3002051,CMY-40,
AAC(2')-Ib,3002524,AAC(2')-Ib,
QnrA4,3002710,QnrA4,
cmeB,3000784,cmeB,
SHV-97,3001149,SHV-97,
SHV-172,3001356,SHV-172,
TEM-217,3001394,TEM-217,
CTX-M-48,3001910,CTX-M-48,
KPC-9,3002319,KPC-9,
CMY-80,3002093,CMY-80,
OXA-198,3001805,OXA-198,
OCH-2,3002515,OCH-2,
TEM-6,3000878,TEM-6,
GES-13,3002342,GES-13,
CTX-M-55,3001917,CTX-M-55,
FOX-2,3002156,FOX-2,
QnrB7,3002721,QnrB7,
SHV-102,3001151,SHV-102,
OXA-207,3001485,OXA-207,
SHV-43,3001101,SHV-43,
KPC-11,3002321,KPC-11,
SHV-57,3001113,SHV-57,
CMY-24,3002035,CMY-24,
LEN-6,3002476,LEN-6,
OCH-4,3002517,OCH-4,
CMY-113,3002124,CMY-113,
NDM-1,3000589,NDM-1,
IMP-25,3002216,IMP-25,
OXA-350,3001537,OXA-350,
CARB-9,3002248,CARB-9,
QnrB25,3002740,QnrB25,
OXA-63,3001764,OXA-63,
AAC(6')-Iv,3002566,AAC(6')-Iv,
OXY-2-9,3002404,OXY-2-9,
dfrA23,3003019,dfrA23,
SHV-46,3001104,SHV-46,
IMP-43,3002234,IMP-43,
CMY-32,3002043,CMY-32,
SHV-14,3001073,SHV-14,
OXY-1-1,3002389,OXY-1-1,
IMP-34,3002225,IMP-34,
OXA-324,3001512,OXA-324,
iri,3002884,iri,
TEM-55,3000924,TEM-55,
cmeC,3000785,cmeC,
CTX-M-31,3001893,CTX-M-31,
CTX-M-87,3001947,CTX-M-87,
mfpA,3003035,mfpA,
QnrA3,3002709,QnrA3,
cphA4,3003100,cphA4,
tetB(P),3000195,tetB(P),
SHV-150,3001189,SHV-150,
OKP-B-1,3002434,OKP-B-1,
TEM-171,3001037,TEM-171,
lnuB,3002836,lnuB,
mecC,3001209,mecC,
basR,3003582,basR,
MexC,3000800,MexC,
OprJ,3000802,OprJ,
TEM-26,3000896,TEM-26,
CMY-10,3002021,CMY-10,
OXA-216,3001488,OXA-216,
TEM-113,3000976,TEM-113,
vanR gene in vanA cluster,3002919,vanR gene in vanA cluster,
SMB-1,3000854,SMB-1,
GOB-1,3000850,GOB-1,
OXA-3,3001398,OXA-3,
CTX-M-158,3003166,CTX-M-158,
SHV-141,3001183,SHV-141,
CTX-M-68,3001929,CTX-M-68,
mdtB,3000793,mdtB,
QnrD1,3002788,QnrD1,
vanD,3000005,vanD,
SHV-20,3001078,SHV-20,
vanH gene in vanO cluster,3002948,vanH gene in vanO cluster,
tet(37),3002871,tet(37),
tet(X),3000205,tet(X),
QnrB55,3002768,QnrB55,
TEM-83,3000950,TEM-83,
DHA-17,3002148,DHA-17,
SHV-157,3001196,SHV-157,
OKP-B-13,3002446,OKP-B-13,
SHV-161,3001200,SHV-161,
CfxA5,3003096,CfxA5,
FosA3,3002872,FosA3,
APH(3')-Ib,3002642,APH(3')-Ib,
TEM-68,3000935,TEM-68,
vatH,3002845,vatH,
CTX-M-102,3001961,CTX-M-102,
CMY-44,3002055,CMY-44,
CMY-20,3002031,CMY-20,
CTX-M-14,3001877,CTX-M-14,
QnrB14,3002728,QnrB14,
CMY-117,3002128,CMY-117,
TEM-163,3001029,TEM-163,
DHA-12,3002143,DHA-12,
CTX-M-108,3001968,CTX-M-108,
OKP-A-2,3002419,OKP-A-2,
OXA-138,3001655,OXA-138,
OXA-26,3001421,OXA-26,
QnrB62,3002775,QnrB62,
OXA-160,3001663,OXA-160,
CMY-58,3002072,CMY-58,
TEM-142,3001005,TEM-142,
mepR,3000746,mepR,
tet(56),3004603,tet(56),
IND-14,3002269,IND-14,
TEM-42,3000911,TEM-42,
OXA-215,3001714,OXA-215,
IMP-16,3002207,IMP-16,
PER-7,3002369,PER-7,
CMY-61,3002074,CMY-61,
OXA-244,3001786,OXA-244,
adeB,3000775,adeB,
OXA-175,3001659,OXA-175,
DHA-1,3002132,DHA-1,
CRP,3000518,CRP,
vatC,3002842,vatC,
KPC-19,3002329,KPC-19,
dfrA19,3003015,dfrA19,
smeE,3003056,smeE,
SHV-124,3001171,SHV-124,
CTX-M-142,3002000,CTX-M-142,
TEM-185,3001374,TEM-185,
APH(6)-Ib,3002658,APH(6)-Ib,
ErmC,3000250,ErmC,
LRA-17,3002512,LRA-17,
CTX-M-99,3001958,CTX-M-99,
TEM-63,3000931,TEM-63,
IND-10,3002266,IND-10,
SHV-33,3001091,SHV-33,
Erm(36),3000605,Erm(36),
CMY-74,3002087,CMY-74,
SHV-53,3001110,SHV-53,
QnrB37,3002752,QnrB37,
APH(6)-Ic,3002659,APH(6)-Ic,
CMY-90,3002103,CMY-90,
SHV-122,3001169,SHV-122,
CTX-M-131,3001990,CTX-M-131,
OXA-383,3001569,OXA-383,
VEB-9,3002378,VEB-9,
OXA-94,3001629,OXA-94,
LCR-1,3002997,LCR-1,
OXA-92,3001632,OXA-92,
APH(2'')-Ig,3002669,APH(2'')-Ig,
rmtB,3000860,rmtB,
CTX-M-93,3001953,CTX-M-93,
CARB-21,3003176,CARB-21,
fexA,3002704,fexA,
CTX-M-139,3001997,CTX-M-139,
OXA-5,3001400,OXA-5,
CMY-50,3002061,CMY-50,
LEN-13,3002463,LEN-13,
OXY-6-4,3002416,OXY-6-4,
ANT(6)-Ia,3002626,ANT(6)-Ia,
SHV-106,3001155,SHV-106,
OXA-36,3001430,OXA-36,
SHV-186,3003153,SHV-186,
TEM-49,3000918,TEM-49,
PER-1,3002363,PER-1,
TEM-152,3001019,TEM-152,
OKP-A-11,3002428,OKP-A-11,
VIM-25,3002295,VIM-25,
AAC(3)-IIb,3002534,AAC(3)-IIb,
KPC-15,3002325,KPC-15,
OXA-381,3001567,OXA-381,
carA,3002817,carA,
GES-10,3002339,GES-10,
mecI,3000124,mecI,
OXA-316,3001687,OXA-316,
GES-8,3002337,GES-8,
OKP-A-14,3002431,OKP-A-14,
IMP-8,3002199,IMP-8,
OXA-314,3001685,OXA-314,
OKP-A-13,3002430,OKP-A-13,
OXA-242,3001680,OXA-242,
QnrB70,3002782,QnrB70,
CTX-M-113,3001973,CTX-M-113,
TEM-125,3000987,TEM-125,
GES-1,3002330,GES-1,
OXA-104,3001636,OXA-104,
bcrB,3002988,bcrB,
QnrB48,3002763,QnrB48,
OXA-100,3001438,OXA-100,
CTX-M-77,3001938,CTX-M-77,
ErmX,3000596,ErmX,
ACT-15,3001837,ACT-15,
sul2,3000412,sul2,
APH(3')-IIb,3002645,APH(3')-IIb,
SHV-96,3001148,SHV-96,
TEM-88,3000955,TEM-88,
OXA-418,3002496,OXA-418,
OXA-64,3001613,OXA-64,
TEM-137,3001001,TEM-137,
SHV-93,3001145,SHV-93,
OXA-356,3001543,OXA-356,
CMY-69,3002082,CMY-69,
OXA-129,3001811,OXA-129,
OXA-333,3001521,OXA-333,
AAC(6')-Isa,3002563,AAC(6')-Isa,
MIR-15,3002180,MIR-15,
VEB-8,3002377,VEB-8,
otr(B),3002892,otr(B),
rphA,3000444,rphA,
tet(40),3000567,tet(40),
tet(C),3000167,tet(C),
tet(G),3000174,tet(G),
ugd,3003577,ugd,
RCP-1,3003563,RCP-1,
OKP-B-18,3002451,OKP-B-18,
cmlA4,3002694,cmlA4,
CMY-23,3002034,CMY-23,
OXA-378,3001564,OXA-378,
lmrC,3002881,lmrC,
QnrB1,3002714,QnrB1,
CTX-M-61,3001922,CTX-M-61,
CGB-1,3000841,CGB-1,
vanS gene in vanC cluster,3002933,vanS gene in vanC cluster,
OXA-112,3001643,OXA-112,
OXA-134,3001695,OXA-134,
TEM-96,3000963,TEM-96,
y56 beta-lactamase,3003558,y56 beta-lactamase,
OXA-86,3001703,OXA-86,
TEM-153,3001369,TEM-153,
GES-20,3002349,GES-20,
ErmA,3000347,ErmA,
CTX-M-4,3001867,CTX-M-4,
ErmG,3000522,ErmG,
FOX-9,3002163,FOX-9,
EreA,3000361,EreA,
SHV-66,3001121,SHV-66,
AAC(6')-Ib9,3002580,AAC(6')-Ib9,
SHV-77,3001131,SHV-77,
baeS,3000829,baeS,
CMY-77,3002090,CMY-77,
VIM-31,3002301,VIM-31,
SHV-134,3001178,SHV-134,
LEN-2,3002455,LEN-2,
AAC(6')-Ib-Hangzhou,3002592,AAC(6')-Ib-Hangzhou,
AAC(6')-Ib4,3002577,AAC(6')-Ib4,
OXA-18,3001413,OXA-18,
OKP-A-8,3002425,OKP-A-8,
BEL-1,3002385,BEL-1,
IND-1,3002256,IND-1,
TEM-209,3001386,TEM-209,
TEM-29,3000899,TEM-29,
KPC-5,3002315,KPC-5,
APH(2'')-IIIa,3002636,APH(2'')-IIIa,
SHV-25,3001083,SHV-25,
evgA,3000832,evgA,
OXA-255,3001690,OXA-255,
CTX-M-86,3001946,CTX-M-86,
APH(3')-IIc,3002646,APH(3')-IIc,
IMP-21,3002212,IMP-21,
OXA-241,3001679,OXA-241,
CTX-M-54,3001916,CTX-M-54,
TEM-28,3000898,TEM-28,
IMP-14,3002205,IMP-14,
AAC(6')-Ib-SK,3002593,AAC(6')-Ib-SK,
TEM-136,3001000,TEM-136,
SHV-74,3001128,SHV-74,
SHV-1,3001059,SHV-1,
CMY-102,3002114,CMY-102,
APH(6)-Id,3002660,APH(6)-Id,
OXA-365,3001552,OXA-365,
QnrA7,3002713,QnrA7,
cmlA1,3002693,cmlA1,
cmlB1,3002699,cmlB1,
dfrB3,3003022,dfrB3,
OXA-95,3001630,OXA-95,
SHV-76,3001130,SHV-76,
CTX-M-22,3001884,CTX-M-22,
vgaD,3002832,vgaD,
catS,3002688,catS,
QnrB33,3002748,QnrB33,
MOX-1,3002182,MOX-1,
LEN-12,3002462,LEN-12,
OXA-206,3001484,OXA-206,
SHV-2,3001060,SHV-2,
VIM-19,3002289,VIM-19,
CTX-M-114,3001974,CTX-M-114,
VIM-27,3002297,VIM-27,
APH(9)-Ib,3002663,APH(9)-Ib,
SHV-103,3001152,SHV-103,
OXY-2-10,3002405,OXY-2-10,
SHV-71,3001125,SHV-71,
QnrB73,3002785,QnrB73,
CTX-M-141,3001999,CTX-M-141,
OXA-384,3001570,OXA-384,
TEM-118,3000981,TEM-118,
AAC(6')-Ib3,3002576,AAC(6')-Ib3,
IMP-35,3002226,IMP-35,
sul1,3000410,sul1,
DHA-22,3002153,DHA-22,
OXA-37,3001431,OXA-37,
OKP-B-19,3002452,OKP-B-19,
LEN-3,3002475,LEN-3,
TEM-20,3000891,TEM-20,
IMP-37,3002228,IMP-37,
OXA-420,3003116,OXA-420,
VIM-4,3002274,VIM-4,
OXA-161,3001799,OXA-161,
SHV-158,3001197,SHV-158,
IMP-30,3002221,IMP-30,
CTX-M-7,3001870,CTX-M-7,
OXA-323,3001511,OXA-323,
LEN-5,3002456,LEN-5,
OKP-B-5,3002438,OKP-B-5,
CMY-41,3002052,CMY-41,
OXA-253,3001689,OXA-253,
CMY-14,3002025,CMY-14,
TEM-169,3001035,TEM-169,
IMP-6,3002197,IMP-6,
AAC(6')-31,3002585,AAC(6')-31,
CARB-17,3002254,CARB-17,
SHV-59,3001114,SHV-59,
TEM-79,3000946,TEM-79,
Erm(38),3000601,Erm(38),
vanB,3000013,vanB,
OXA-48,3001782,OXA-48,
OXA-245,3001787,OXA-245,
CTX-M-21,3001883,CTX-M-21,
QnrB29,3002744,QnrB29,
CMY-17,3002028,CMY-17,
acrB,3000216,acrB,
AAC(3)-VIa,3002540,AAC(3)-VIa,
NDM-5,3000467,NDM-5,
PDC-2,3002498,PDC-2,
LEN-19,3002466,LEN-19,
AAC(6')-Ig,3002554,AAC(6')-Ig,
OXA-58,3001611,OXA-58,
ANT(6)-Ib,3002629,ANT(6)-Ib,
ACT-17,3001838,ACT-17,
OXA-435,3003162,OXA-435,
arr-2,3002847,arr-2,
ErmD,3000495,ErmD,
OXA-2,3001397,OXA-2,
IMI-7,3003177,IMI-7,
APH(3')-VIa,3002652,APH(3')-VIa,
OXA-180,3001474,OXA-180,
FOX-8,3002161,FOX-8,
TEM-186,3001046,TEM-186,
OKP-B-11,3002444,OKP-B-11,
OXA-184,3001476,OXA-184,
CTX-M-64,3001925,CTX-M-64,
OXA-23,3001418,OXA-23,
CMY-19,3002030,CMY-19,
PDC-9,3002508,PDC-9,
AAC(3)-Ic,3002531,AAC(3)-Ic,
tet(H),3000175,tet(H),
tet(39),3000566,tet(39),
MexE,3000803,MexE,
MexS,3000813,MexS,
tet(J),3000177,tet(J),
tet(V),3000181,tet(V),
AAC(6')-Ii,3002556,AAC(6')-Ii,
OXA-88,3001626,OXA-88,
SHV-109,3001158,SHV-109,
MIR-6,3002171,MIR-6,
TEM-90,3000957,TEM-90,
dfrA12,3002858,dfrA12,
CMY-86,3002099,CMY-86,
OXA-169,3001469,OXA-169,
dfrA17,3002860,dfrA17,
OXA-7,3001402,OXA-7,
vanR gene in vanD cluster,3002923,vanR gene in vanD cluster,
vanZ gene in vanA cluster,3002962,vanZ gene in vanA cluster,
ErmO-srmA,3001303,ErmO-srmA,
CAU-1,3000855,CAU-1,
EBR-1,3000842,EBR-1,
CTX-M-124,3001983,CTX-M-124,
TEM-156,3001022,TEM-156,
CMY-63,3002076,CMY-63,
OXA-363,3001550,OXA-363,
AER-1,3002481,AER-1,
QnrVC5,3002802,QnrVC5,
OXA-240,3001499,OXA-240,
CTX-M-39,3001901,CTX-M-39,
KPC-3,3002313,KPC-3,
TEM-146,3001013,TEM-146,
Erm(31),3000598,Erm(31),
vanG,3002909,vanG,
SHV-22,3001080,SHV-22,
TEM-129,3000993,TEM-129,
QnrB34,3002749,QnrB34,
lsaB,3003111,lsaB,
aadA15,3002615,aadA15,
CMY-94,3002107,CMY-94,
MIR-9,3002174,MIR-9,
OKP-A-4,3002421,OKP-A-4,
norB,3000421,norB,
NDM-9,3002359,NDM-9,
OXA-360,3001547,OXA-360,
CMY-46,3002057,CMY-46,
OXA-194,3001479,OXA-194,
TEM-54,3000923,TEM-54,
QnrB22,3002737,QnrB22,
KPC-12,3002322,KPC-12,
CMY-81,3002094,CMY-81,
IMP-4,3002195,IMP-4,
mdsC,3000791,mdsC,
cmeA,3000783,cmeA,
CTX-M-105,3001965,CTX-M-105,
OXA-182,3001709,OXA-182,
OXA-176,3001660,OXA-176,
OXA-327,3001515,OXA-327,
OXA-248,3001673,OXA-248,
ErmV,3002824,ErmV,
vatB,3002841,vatB,
OXA-354,3001541,OXA-354,
mdtM,3001214,mdtM,
VEB-1,3002370,VEB-1,
ErmH,3002823,ErmH,
OXA-16,3001411,OXA-16,
SHV-55,3001111,SHV-55,
OXA-71,3001619,OXA-71,
SHV-168,3001352,SHV-168,
msrA,3000251,msrA,
CARB-22,3003151,CARB-22,
CTX-M-28,3001890,CTX-M-28,
VIM-39,3002309,VIM-39,
DHA-13,3002144,DHA-13,
SHV-173,3001357,SHV-173,
QnrB45,3002760,QnrB45,
novA,3002522,novA,
VIM-1,3002271,VIM-1,
OXA-141,3001802,OXA-141,
erm(40),3004606,erm(40),
TEM-134,3000998,TEM-134,
FosC,3000380,FosC,
SHV-119,3001340,SHV-119,
OXA-139,3001451,OXA-139,
TEM-219,3003157,TEM-219,
OCH-5,3002518,OCH-5,
OXA-231,3001670,OXA-231,
Erm(30),3001265,Erm(30),
TEM-178,3001043,TEM-178,
adeG,3000778,adeG,
aadA2,3002602,aadA2,
CMY-30,3002041,CMY-30,
CTX-M-6,3001869,CTX-M-6,
CTX-M-33,3001895,CTX-M-33,
mel,3000616,mel,
cmeR,3000526,cmeR,
MIR-13,3002178,MIR-13,
AAC(6')-Ib',3003676,AAC(6')-Ib',
CMY-53,3002064,CMY-53,
OXA-397,3001583,OXA-397,
SHV-81,3001135,SHV-81,
TEM-144,3001007,TEM-144,
aadA6/aadA10,3002622,aadA6/aadA10,
mphA,3000316,mphA,
OXY-5-1,3002411,OXY-5-1,
TEM-114,3000977,TEM-114,
AAC(2')-Ic,3002525,AAC(2')-Ic,
CMY-72,3002085,CMY-72,
H-NS,3000676,H-NS,
FOX-5,3002159,FOX-5,
CTX-M-96,3001956,CTX-M-96,
CTX-M-157,3003165,CTX-M-157,
ceoB,3003010,ceoB,
GES-23,3002352,GES-23,
CTX-M-46,3001908,CTX-M-46,
OXA-119,3001775,OXA-119,
bmr,3003007,bmr,
QnrB68,3002780,QnrB68,
OXA-55,3001813,OXA-55,
SHV-31,3001089,SHV-31,
APH(3')-IVa,3002648,APH(3')-IVa,
rosA,3003048,rosA,
SHV-149,3001188,SHV-149,
QnrB56,3002769,QnrB56,
smeC,3003053,smeC,
MIR-4,3002167,MIR-4,
ANT(4')-IIa,3002624,ANT(4')-IIa,
QnrB40,3002755,QnrB40,
CMY-115,3002126,CMY-115,
OXA-192,3001766,OXA-192,
QnrS3,3002792,QnrS3,
AAC(6')-Iw,3002567,AAC(6')-Iw,
CTX-M-67,3001928,CTX-M-67,
VIM-10,3002280,VIM-10,
ErmT,3000595,ErmT,
OXA-210,3001487,OXA-210,
GES-16,3002345,GES-16,
TEM-45,3000914,TEM-45,
TEM-104,3000967,TEM-104,
QnrB12,3002726,QnrB12,
OXA-110,3001641,OXA-110,
KPC-6,3002316,KPC-6,
IND-15,3002270,IND-15,
SHV-34,3001092,SHV-34,
CTX-M-110,3001970,CTX-M-110,
OXA-82,3001635,OXA-82,
OKP-B-7,3002440,OKP-B-7,
TEM-141,3001004,TEM-141,
TEM-177,3001042,TEM-177,
CTX-M-109,3001969,CTX-M-109,
OXA-197,3001482,OXA-197,
tet(D),3000168,tet(D),
catII,3002684,catII,
OKP-B-12,3002445,OKP-B-12,
CTX-M-80,3001941,CTX-M-80,
lsaA,3000300,lsaA,
AAC(6')-Ic,3002549,AAC(6')-Ic,
EreD,3004608,EreD,
BEL-2,3002386,BEL-2,
CTX-M-85,3002495,CTX-M-85,
IND-5,3002261,IND-5,
tet(44),3000556,tet(44),
mef(B),3003107,mef(B),
QepA1,3000448,QepA1,
vph,3003061,vph,
SIM-1,3000846,SIM-1,
SAT-2,3002895,SAT-2,
FosA,3000149,FosA,
OXY-1-6,3002394,OXY-1-6,
ACT-20,3001841,ACT-20,
IMP-10,3002201,IMP-10,
OXY-5-2,3002412,OXY-5-2,
OXA-111,3001642,OXA-111,
adeA,3000774,adeA,
OXA-214,3001713,OXA-214,
mdtC,3000794,mdtC,
CTX-M-3,3001866,CTX-M-3,
evgS,3000833,evgS,
SHV-147,3001186,SHV-147,
mecA,3000617,mecA,
SHV-65,3001120,SHV-65,
LRA-2,3002485,LRA-2,
tet(Q),3000191,tet(Q),
tet(32),3000196,tet(32),
OXA-65,3001614,OXA-65,
OXA-170,3001470,OXA-170,
AAC(6')-Iq,3002560,AAC(6')-Iq,
ANT(4')-IIb,3002625,ANT(4')-IIb,
emrR,3000516,emrR,
CTX-M-52,3001914,CTX-M-52,
APH(3')-IIIa,3002647,APH(3')-IIIa,
SHV-126,3001173,SHV-126,
QnrB8,3002722,QnrB8,
BcII,3002878,BcII,
mtrC,3000810,mtrC,
OXA-53,3001810,OXA-53,
OXA-166,3001466,OXA-166,
SHV-94,3001146,SHV-94,
OXA-425,3003148,OXA-425,
IND-2a,3002258,IND-2a,
TEM-93,3000960,TEM-93,
QnrVC1,3002799,QnrVC1,
OXA-251,3001500,OXA-251,
GES-5,3002334,GES-5,
TEM-149,3001016,TEM-149,
dfrA22,3003018,dfrA22,
CTX-M-132,3001991,CTX-M-132,
VIM-24,3002294,VIM-24,
OXA-233,3001495,OXA-233,
OXA-223,3001669,OXA-223,
IMP-31,3002222,IMP-31,
CARB-1,3002240,CARB-1,
CMY-101,3002113,CMY-101,
AAC(6')-I30,3002588,AAC(6')-I30,
cmx,3002703,cmx,
oleD,3000865,oleD,
abeM,3000753,abeM,
QnrB69,3002781,QnrB69,
AAC(6')-Ib10,3002581,AAC(6')-Ib10,
CTX-M-26,3001888,CTX-M-26,
ANT(2'')-Ia,3000230,ANT(2'')-Ia,
CMY-26,3002037,CMY-26,
CMY-11,3002022,CMY-11,
MOX-6,3002185,MOX-6,
CTX-M-60,3001921,CTX-M-60,
AAC(3)-IIc,3002535,AAC(3)-IIc,
OXA-313,3001684,OXA-313,
TEM-193,3001053,TEM-193,
rmtG,3002668,rmtG,
IMI-4,3001861,IMI-4,
OXA-382,3001568,OXA-382,
mdsB,3000790,mdsB,
ANT(9)-Ia,3002630,ANT(9)-Ia,
OXA-99,3001649,OXA-99,
oleB,3003036,oleB,
KPC-22,3003180,KPC-22,
arlR,3000838,arlR,
CTX-M-92,3001952,CTX-M-92,
aadA22,3002619,aadA22,
OXA-257,3001694,OXA-257,
OXA-11,3001406,OXA-11,
dfrC,3002865,dfrC,
OXA-108,3001639,OXA-108,
OXA-315,3001686,OXA-315,
CTX-M-74,3001935,CTX-M-74,
OXA-390,3001576,OXA-390,
OXA-388,3001574,OXA-388,
IMP-3,3002194,IMP-3,
armA,3000858,armA,
OXA-121,3001443,OXA-121,
CMY-62,3002075,CMY-62,
TEM-124,3000986,TEM-124,
CMY-6,3002017,CMY-6,
OXA-19,3001414,OXA-19,
OXA-62,3001792,OXA-62,
SHV-167,3001204,SHV-167,
OXA-172,3001656,OXA-172,
QnrB15,3002730,QnrB15,
AAC(2')-Id,3002526,AAC(2')-Id,
OXA-89,3001625,OXA-89,
OXA-131,3001652,OXA-131,
DHA-6,3002135,DHA-6,
OXA-454,3003610,OXA-454,
aadA5,3002605,aadA5,
TEM-85,3000952,TEM-85,
ACC-3,3001817,ACC-3,
TEM-15,3000886,TEM-15,
OXY-2-4,3002399,OXY-2-4,
RbpA,3000245,RbpA,
IMP-7,3002198,IMP-7,
acrD,3000491,acrD,
cphA2,3003099,cphA2,
SHV-60,3001115,SHV-60,
SHV-125,3001172,SHV-125,
GES-15,3002344,GES-15,
CMY-18,3002029,CMY-18,
Erm(35),3000604,Erm(35),
cmlA6,3002696,cmlA6,
TEM-40,3000910,TEM-40,
SHV-19,3001077,SHV-19,
SHV-80,3001134,SHV-80,
CTX-M-103,3001962,CTX-M-103,
mdtN,3003548,mdtN,
CARB-7,3002246,CARB-7,
IND-12,3002268,IND-12,
PDC-6,3002505,PDC-6,
OKP-A-10,3002427,OKP-A-10,
SHV-26,3001084,SHV-26,
OXA-59,3001772,OXA-59,
MIR-17,3003173,MIR-17,
TEM-216,3001393,TEM-216,
CMY-112,3002123,CMY-112,
IND-9,3002265,IND-9,
IMP-15,3002206,IMP-15,
CTX-M-13,3001876,CTX-M-13,
TEM-157,3001023,TEM-157,
CTX-M-78,3001939,CTX-M-78,
FosB3,3002873,FosB3,
tet(K),3000178,tet(K),
SHV-63,3001118,SHV-63,
LRA-19,3002513,LRA-19,
GES-19,3002348,GES-19,
aadA7,3002607,aadA7,
SHV-13,3001072,SHV-13,
LEN-22,3002469,LEN-22,
SHV-135,3001179,SHV-135,
facT,3001313,facT,
QnrB26,3002741,QnrB26,
adeI,3000780,adeI,
vanH gene in vanD cluster,3002944,vanH gene in vanD cluster,
Bla1,3000090,Bla1,
MexH,3000807,MexH,
CcrA,3000578,CcrA,
THIN-B,3000851,THIN-B,
AcrF,3000502,AcrF,
AcrE,3000499,AcrE,
Plasmid-encoded cat (pp-cat),3002689,Plasmid-encoded cat (pp-cat),
Pseudomonas aeruginosa catB6,3002678,Pseudomonas aeruginosa catB6,
DHA-18,3002149,DHA-18,
CTX-M-44,3001906,CTX-M-44,
SHV-99,3001337,SHV-99,
TEM-199,3001058,TEM-199,
CARB-10,3002249,CARB-10,
IMP-40,3002231,IMP-40,
OXY-1-4,3002392,OXY-1-4,
SME-1,3002379,SME-1,
AAC(3)-Xa,3002544,AAC(3)-Xa,
ACT-27,3001847,ACT-27,
MOX-8,3002190,MOX-8,
CARB-12,3002250,CARB-12,
SHV-48,3001105,SHV-48,
TEM-75,3000941,TEM-75,
CMY-37,3002048,CMY-37,
SHV-107,3001156,SHV-107,
lnuF,3002839,lnuF,
MOX-3,3002186,MOX-3,
PER-6,3002368,PER-6,
LAT-1,3001857,LAT-1,
ACT-4,3001829,ACT-4,
OXA-224,3001806,OXA-224,
dfrA10,3003011,dfrA10,
cphA8,3003104,cphA8,
VEB-6,3002374,VEB-6,
APH(6)-Ia,3002657,APH(6)-Ia,
CMY-49,3002060,CMY-49,
baeR,3000828,baeR,
OXA-209,3001809,OXA-209,
LEN-4,3002472,LEN-4,
CMY-108,3002120,CMY-108,
ACT-12,3001834,ACT-12,
smeA,3003051,smeA,
QnrA2,3002708,QnrA2,
OXA-423,3003161,OXA-423,
SME-3,3002381,SME-3,
QnrB64,3002776,QnrB64,
IMP-28,3002219,IMP-28,
NDM-3,3002354,NDM-3,
CMY-45,3002056,CMY-45,
OXA-33,3001427,OXA-33,
EreA2,3002826,EreA2,
vatE,3002844,vatE,
SHV-85,3001139,SHV-85,
VIM-32,3002302,VIM-32,
IMP-38,3002229,IMP-38,
TEM-160,3001026,TEM-160,
AAC(6')-Iaa,3002571,AAC(6')-Iaa,
SHV-51,3001108,SHV-51,
TEM-168,3001034,TEM-168,
TEM-130,3000994,TEM-130,
OXA-67,3001437,OXA-67,
TEM-81,3000948,TEM-81,
OXA-249,3001674,OXA-249,
SHV-143,3001344,SHV-143,
PER-5,3002367,PER-5,
CMY-16,3002027,CMY-16,
OXA-421,3003117,OXA-421,
GES-2,3002331,GES-2,
SHV-104,3001153,SHV-104,
aadA3,3002603,aadA3,
rmtC,3000861,rmtC,
ACT-14,3001836,ACT-14,
amrA,3002982,amrA,
CMY-22,3002033,CMY-22,
dfrE,3002875,dfrE,
Erm(43),3003205,Erm(43),
APH(3')-Vb,3002650,APH(3')-Vb,
ErmB,3000375,ErmB,
smeR,3003066,smeR,
OXA-78,3001645,OXA-78,
norA,3000391,norA,
SHV-140,3001182,SHV-140,
VIM-13,3002283,VIM-13,
SHV-187,3003154,SHV-187,
mtrA,3000816,mtrA,
OKP-B-20,3002453,OKP-B-20,
aad(6),3002628,aad(6),
CTX-M-63,3001924,CTX-M-63,
QnrB16,3002731,QnrB16,
ACT-18,3001839,ACT-18,
FosB,3000172,FosB,
OXA-183,3001475,OXA-183,
OXA-205,3001483,OXA-205,
SHV-110,3001159,SHV-110,
OXA-91,3001627,OXA-91,
OXA-17,3001412,OXA-17,
AAC(6')-32,3002586,AAC(6')-32,
SHV-123,3001170,SHV-123,
QnrB9,3002723,QnrB9,
catIII,3002685,catIII,
ACT-3,3001823,ACT-3,
dfrA5,3002861,dfrA5,
QnrVC6,3002803,QnrVC6,
CMY-73,3002086,CMY-73,
CTX-M-32,3001894,CTX-M-32,
OXA-10,3001405,OXA-10,
QnrB50,3002765,QnrB50,
PER-3,3002365,PER-3,
QnrB27,3002742,QnrB27,
CMY-64,3002077,CMY-64,
dfrA14,3002859,dfrA14,
CMY-99,3002070,CMY-99,
mecB,3003440,mecB,
OXA-24,3001419,OXA-24,
SHV-2A,3001061,SHV-2A,
OXA-101,3001439,OXA-101,
SHV-23,3001081,SHV-23,
LRA-1,3002482,LRA-1,
AAC(6')-Iai,3002575,AAC(6')-Iai,
SHV-86,3001140,SHV-86,
CTX-M-84,3001945,CTX-M-84,
cphA5,3003101,cphA5,
CTX-M-16,3001879,CTX-M-16,
QnrC,3002787,QnrC,
OXA-74,3001798,OXA-74,
SME-4,3002382,SME-4,
ErmR,3000594,ErmR,
CMY-38,3002049,CMY-38,
TEM-194,3001054,TEM-194,
APH(2'')-IIa,3002635,APH(2'')-IIa,
CTX-M-152,3002009,CTX-M-152,
vanE,3002907,vanE,
OXA-362,3001549,OXA-362,
L1 beta-lactamase,3000582,L1 beta-lactamase,
CTX-M-156,3003164,CTX-M-156,
SHV-45,3001103,SHV-45,
SAT-4,3002897,SAT-4,
MexT,3000814,MexT,
MexD,3000801,MexD,
tet(41),3000569,tet(41),
GIM-2,3003194,GIM-2,
lmrD,3002882,lmrD,
OXA-179,3001473,OXA-179,
vgaE,3002833,vgaE,
CTX-M-95,3001955,CTX-M-95,
SHV-154,3001193,SHV-154,
TEM-197,3001056,TEM-197,
IMP-13,3002204,IMP-13,
CTX-M-71,3001932,CTX-M-71,
CTX-M-53,3001915,CTX-M-53,
catQ,3002687,catQ,
EXO-1,3003564,EXO-1,
vanX gene in vanF cluster,3002952,vanX gene in vanF cluster,
vanR gene in vanC cluster,3002922,vanR gene in vanC cluster,
MUS-1,3000843,MUS-1,
vanX gene in vanD cluster,3003070,vanX gene in vanD cluster,
OprA,3003039,OprA,
vanS gene in vanE cluster,3002935,vanS gene in vanE cluster,
CMY-78,3002091,CMY-78,
QnrB57,3002770,QnrB57,
MOX-7,3002189,MOX-7,
CMY-111,3002122,CMY-111,
SHV-84,3001138,SHV-84,
MIR-14,3002179,MIR-14,
OXA-203,3001664,OXA-203,
clbC,3002816,clbC,
arnA,3002985,arnA,
SHV-70,3001124,SHV-70,
ACT-23,3001828,ACT-23,
TEM-139,3001003,TEM-139,
CTX-M-2,3001865,CTX-M-2,
DHA-21,3002152,DHA-21,
CMY-15,3002026,CMY-15,
AAC(6')-If,3002553,AAC(6')-If,
IMP-20,3002211,IMP-20,
vanT gene in vanG cluster,3002972,vanT gene in vanG cluster,
vanR gene in vanG cluster,3002926,vanR gene in vanG cluster,
tet(S),3000192,tet(S),
AAC(6')-Ip,3002559,AAC(6')-Ip,
SHV-95,3001147,SHV-95,
TEM-117,3000980,TEM-117,
CTX-M-79,3001940,CTX-M-79,
AAC(6')-IIa,3002594,AAC(6')-IIa,
OKP-B-4,3002437,OKP-B-4,
OXA-258,3001503,OXA-258,
OXA-375,3001561,OXA-375,
CARB-8,3002247,CARB-8,
OKP-B-17,3002450,OKP-B-17,
ACC-1,3001815,ACC-1,
adeK,3000782,adeK,
ramA,3000823,ramA,
TEM-80,3000947,TEM-80,
CMY-68,3002081,CMY-68,
TEM-211,3001388,TEM-211,
QnrA6,3002712,QnrA6,
AAC(6')-It,3002564,AAC(6')-It,
CTX-M-5,3001868,CTX-M-5,
GES-18,3002347,GES-18,
OXA-49,3001671,OXA-49,
macA,3000533,macA,
APH(4)-Ib,3002656,APH(4)-Ib,
aadA24,3002621,aadA24,
QnrB67,3002779,QnrB67,
LEN-18,3002465,LEN-18,
SHV-40,3001098,SHV-40,
OXA-34,3001428,OXA-34,
CTX-M-90,3001950,CTX-M-90,
OXA-317,3001688,OXA-317,
CMY-31,3002042,CMY-31,
TEM-143,3001006,TEM-143,
OXA-353,3001540,OXA-353,
DHA-5,3002138,DHA-5,
TEM-135,3000999,TEM-135,
OCH-6,3002519,OCH-6,
ACT-28,3001848,ACT-28,
Erm(39),3000602,Erm(39),
MIR-1,3002166,MIR-1,
FosK,3003207,FosK,
CMY-57,3002068,CMY-57,
SHV-111,3001160,SHV-111,
OXA-142,3001803,OXA-142,
QnrB4,3002718,QnrB4,
TEM-115,3000978,TEM-115,
AQU-1,3002993,AQU-1,
IMP-41,3002232,IMP-41,
ErmW,3001306,ErmW,
OXA-73,3001785,OXA-73,
OXA-398,3001584,OXA-398,
OXA-230,3001693,OXA-230,
ceoA,3003009,ceoA,
tap,3000343,tap,
TEM-184,3001375,TEM-184,
IMP-44,3002235,IMP-44,
TEM-101,3000964,TEM-101,
FOX-4,3002158,FOX-4,
SHV-73,3001127,SHV-73,
OXA-42,3001769,OXA-42,
CTX-M-66,3001927,CTX-M-66,
OXA-235,3001676,OXA-235,
mphB,3000318,mphB,
SHV-151,3001190,SHV-151,
OXA-415,3001606,OXA-415,
IND-4,3002260,IND-4,
vatA,3002840,vatA,
GES-24,3002353,GES-24,
ANT(4')-Ia,3002623,ANT(4')-Ia,
CTX-M-45,3001907,CTX-M-45,
SHV-16,3001075,SHV-16,
TEM-53,3000922,TEM-53,
OXA-359,3001546,OXA-359,
SHV-28,3001086,SHV-28,
OXA-338,3001526,OXA-338,
cmrA,3002702,cmrA,
IMP-24,3002215,IMP-24,
CMY-103,3002115,CMY-103,
lsaC,3003112,lsaC,
IMP-18,3002209,IMP-18,
OXA-254,3001682,OXA-254,
Erm(33),3000599,Erm(33),
SHV-148,3001187,SHV-148,
vanO,3002913,vanO,
CTX-M-23,3001885,CTX-M-23,
CMY-93,3002106,CMY-93,
emrA,3000027,emrA,
OXA-326,3001514,OXA-326,
vanF,3002908,vanF,
QnrB35,3002750,QnrB35,
OXA-351,3001538,OXA-351,
aadA16,3002616,aadA16,
NDM-2,3000590,NDM-2,
OXA-97,3001647,OXA-97,
OXA-56,3001795,OXA-56,
VIM-14,3002284,VIM-14,
OKP-A-16,3002433,OKP-A-16,
CTX-M-144,3002002,CTX-M-144,
CTX-M-115,3001975,CTX-M-115,
TEM-127,3000989,TEM-127,
TEM-19,3000890,TEM-19,
aadA11,3002611,aadA11,
CTX-M-106,3001966,CTX-M-106,
QnrS7,3002796,QnrS7,
SHV-159,3001198,SHV-159,
OXA-177,3001661,OXA-177,
OKP-A-5,3002422,OKP-A-5,
CTX-M-12,3001875,CTX-M-12,
OXA-146,3001779,OXA-146,
Streptococcus pneumoniae PBP1a conferring resistance to amoxicillin,3003041,Streptococcus pneumoniae PBP1a conferring resistance to amoxicillin,
tet(43),3000573,tet(43),
AAC(2')-Ia,3002523,AAC(2')-Ia,
TEM-12,3000884,TEM-12,
VIM-36,3002306,VIM-36,
OXA-334,3001522,OXA-334,
TEM-48,3000917,TEM-48,
mexY,3003033,mexY,
VIM-42,3003178,VIM-42,
ACT-6,3001825,ACT-6,
QnrB44,3002759,QnrB44,
TEM-164,3001030,TEM-164,
DHA-20,3002151,DHA-20,
DHA-14,3002145,DHA-14,
vanX gene in vanB cluster,3002950,vanX gene in vanB cluster,
cepA,3003559,cepA,
cphA3,3003093,cphA3,
MdtK,3001327,MdtK,
DIM-1,3000848,DIM-1,
vanH gene in vanF cluster,3002945,vanH gene in vanF cluster,
AAC(6')-Ib-cr1,3002547,AAC(6')-Ib-cr1,
tmrB,3003059,tmrB,
VEB-2,3002371,VEB-2,
CMY-119,3002130,CMY-119,
ErmY,3002825,ErmY,
SHV-183,3001351,SHV-183,
TEM-147,3001014,TEM-147,
SHV-120,3001167,SHV-120,
AAC(6')-Ib11,3002582,AAC(6')-Ib11,
OXA-168,3001468,OXA-168,
QnrVC3,3002800,QnrVC3,
OXA-107,3001638,OXA-107,
TEM-131,3000995,TEM-131,
OXA-14,3001409,OXA-14,
OXA-70,3001618,OXA-70,
QnrB5,3002719,QnrB5,
VIM-15,3002285,VIM-15,
CARB-2,3002241,CARB-2,
MOX-4,3002184,MOX-4,
vanX gene in vanO cluster,3002954,vanX gene in vanO cluster,
vanY gene in vanM cluster,3002961,vanY gene in vanM cluster,
tet(M),3000186,tet(M),
tet(36),3000197,tet(36),
CTX-M-134,3001992,CTX-M-134,
TEM-8,3000880,TEM-8,
vgaB,3000118,vgaB,
GES-26,3003181,GES-26,
TEM-3,3000875,TEM-3,
bacA,3002986,bacA,
AAC(6')-Ir,3002561,AAC(6')-Ir,
OXY-1-3,3002391,OXY-1-3,
oleI,3000866,oleI,
CTX-M-27,3001889,CTX-M-27,
ykkC,3003063,ykkC,
SHV-5,3001064,SHV-5,
GES-6,3002335,GES-6,
CMY-87,3002100,CMY-87,
APH(3'')-Ib,3002639,APH(3'')-Ib,
AAC(6')-Iid,3002589,AAC(6')-Iid,
QnrS2,3002791,QnrS2,
OXA-374,3001560,OXA-374,
TEM-94,3000961,TEM-94,
OXA-201,3001666,OXA-201,
CTX-M-59,3001920,CTX-M-59,
ACT-5,3001824,ACT-5,
aadA14,3002614,aadA14,
CMY-59,3002069,CMY-59,
OXA-76,3001621,OXA-76,
IMI-3,3001860,IMI-3,
rmtD,3002667,rmtD,
OXA-128,3001648,OXA-128,
OXA-312,3001683,OXA-312,
CTX-M-91,3001951,CTX-M-91,
emrB,3000074,emrB,
CTX-M-75,3001936,CTX-M-75,
FomB,3000449,FomB,
KPC-13,3002323,KPC-13,
rmtF,3002666,rmtF,
OXA-20,3001415,OXA-20,
rmtA,3000859,rmtA,
CTX-M-72,3001933,CTX-M-72,
QnrB20,3002735,QnrB20,
VIM-9,3002279,VIM-9,
OXA-387,3001573,OXA-387,
QnrVC7,3003193,QnrVC7,
OXA-165,3001465,OXA-165,
LEN-15,3002478,LEN-15,
OXA-109,3001640,OXA-109,
VIM-3,3002273,VIM-3,
CMY-67,3002080,CMY-67,
ACC-5,3001819,ACC-5,
KPC-7,3002317,KPC-7,
CTX-M-116,3001976,CTX-M-116,
TEM-82,3000949,TEM-82,
OXY-2-6,3002401,OXY-2-6,
OXA-66,3001615,OXA-66,
OXA-389,3001575,OXA-389,
linG,3002879,linG,
OXA-196,3001481,OXA-196,
MIR-11,3002176,MIR-11,
LEN-7,3002457,LEN-7,
CMY-12,3002023,CMY-12,
SRT-2,3002494,SRT-2,
AAC(3)-IIIa,3002536,AAC(3)-IIIa,
adeN,3000559,adeN,
OXA-72,3001705,OXA-72,
OXA-80,3001634,OXA-80,
DHA-10,3002141,DHA-10,
CTX-M-111,3001971,CTX-M-111,
LEN-24,3002471,LEN-24,
TEM-70,3000936,TEM-70,
MIR-10,3002175,MIR-10,
NDM-4,3002355,NDM-4,
TEM-86,3000953,TEM-86,
AAC(6')-Iih,3002590,AAC(6')-Iih,
OXA-114a,3001609,OXA-114a,
SHV-127,3001174,SHV-127,
CfxA3,3003003,CfxA3,
NDM-12,3002362,NDM-12,
OXA-379,3001565,OXA-379,
ACT-13,3001835,ACT-13,
CTX-M-51,3001913,CTX-M-51,
OXA-246,3001807,OXA-246,
mdtE,3000795,mdtE,
ACT-32,3001852,ACT-32,
ACT-21,3001842,ACT-21,
CTX-M-17,3001880,CTX-M-17,
OKP-A-6,3002423,OKP-A-6,
AAC(6')-Iak,3003199,AAC(6')-Iak,
CTX-M-136,3001995,CTX-M-136,
AAC(6')-Iad,3002572,AAC(6')-Iad,
LRA-13,3002484,LRA-13,
dfrK,3002869,dfrK,
BEL-3,3002387,BEL-3,
CMY-47,3002058,CMY-47,
TEM-208,3001385,TEM-208,
spd,3002631,spd,
SHV-27,3001085,SHV-27,
EreB,3000363,EreB,
marA,3000263,marA,
APH(3'')-Ia,3002638,APH(3'')-Ia,
vanM,3002911,vanM,
CMY-34,3002045,CMY-34,
SHV-29,3001087,SHV-29,
OXA-50,3001796,OXA-50,
ACT-24,3001844,ACT-24,
CTX-M-29,3001891,CTX-M-29,
TEM-150,3001017,TEM-150,
IMP-32,3002223,IMP-32,
SHV-160,3001199,SHV-160,
lnuD,3002838,lnuD,
CTX-M-43,3001905,CTX-M-43,
OXA-118,3001768,OXA-118,
mtrD,3000811,mtrD,
AAC(6')-Ix,3002568,AAC(6')-Ix,
QnrB30,3002745,QnrB30,
MexB,3000378,MexB,
tet(30),3000561,tet(30),
tet(38),3000565,tet(38),
tet(A),3000165,tet(A),
tet(Z),3000183,tet(Z),
SHV-98,3001336,SHV-98,
CTX-M-148,3002006,CTX-M-148,
SHV-50,3001107,SHV-50,
CTX-M-10,3001873,CTX-M-10,
CTX-M-160,3003168,CTX-M-160,
TEM-167,3001033,TEM-167,
cphA6,3003102,cphA6,
arr-1,3002846,arr-1,
TEM-76,3000942,TEM-76,
OXA-1,3001396,OXA-1,
SHV-155,3001194,SHV-155,
TEM-154,3001020,TEM-154,
OXA-29,3001424,OXA-29,
IMI-1,3001858,IMI-1,
vanY gene in vanF cluster,3002958,vanY gene in vanF cluster,
vanS gene in vanA cluster,3002931,vanS gene in vanA cluster,
VIM-18,3002288,VIM-18,
VIM-33,3002303,VIM-33,
ACT-7,3001830,ACT-7,
smeB,3003052,smeB,
TEM-105,3000968,TEM-105,
OXA-47,3001781,OXA-47,
TEM-190,3001050,TEM-190,
IMP-45,3002236,IMP-45,
LEN-11,3002461,LEN-11,
OXA-116,3001441,OXA-116,
SHV-189,3003156,SHV-189,
SHV-44,3001102,SHV-44,
dfrB2,3003021,dfrB2,
OXA-149,3001454,OXA-149,
TEM-111,3000974,TEM-111,
blt,3003006,blt,
AAC(6')-Ik,3002558,AAC(6')-Ik,
OXA-200,3001665,OXA-200,
FosA4,3003210,FosA4,
OXA-247,3001791,OXA-247,
vanA,3000010,vanA,
IMP-9,3002200,IMP-9,
SHV-144,3001345,SHV-144,
SHV-7,3001066,SHV-7,
OXA-309,3001504,OXA-309,
QnrA1,3002707,QnrA1,
CMY-7,3002018,CMY-7,
CMY-82,3002095,CMY-82,
dfrA1,3002854,dfrA1,
QnrB74,3002786,QnrB74,
AAC(6')-Iz,3002570,AAC(6')-Iz,
tlrC,3002827,tlrC,
CTX-M-83,3001944,CTX-M-83,
TEM-215,3001392,TEM-215,
TEM-24,3000894,TEM-24,
OXA-250,3001675,OXA-250,
TEM-189,3001049,TEM-189,
CTX-M-89,3001949,CTX-M-89,
IMP-27,3002218,IMP-27,
OXA-335,3001523,OXA-335,
SHV-145,3001185,SHV-145,
aadA6,3002606,aadA6,
CTX-M-129,3001988,CTX-M-129,
QnrB60,3002773,QnrB60,
SHV-178,3001361,SHV-178,
Erm(41),3000603,Erm(41),
DHA-3,3002134,DHA-3,
OXA-370,3001774,OXA-370,
CTX-M-37,3001899,CTX-M-37,
CMY-76,3002089,CMY-76,
OXA-213,3001712,OXA-213,
SHV-165,3001203,SHV-165,
CTX-M-104,3001963,CTX-M-104,
OXA-132,3001653,OXA-132,
ACC-2,3001816,ACC-2,
TEM-57,3000926,TEM-57,
OXA-84,3001624,OXA-84,
CMY-84,3002097,CMY-84,
QnrB43,3002758,QnrB43,
TEM-123,3000985,TEM-123,
AAC(3)-IXa,3002543,AAC(3)-IXa,
OXA-173,3001657,OXA-173,
CTX-M-62,3001923,CTX-M-62,
TEM-108,3000971,TEM-108,
CTX-M-15,3001878,CTX-M-15,
SHV-163,3001202,SHV-163,
KPC-17,3002327,KPC-17,
CARB-18,3003174,CARB-18,
TEM-60,3000929,TEM-60,
OXA-424,3003147,OXA-424,
IND-8,3002264,IND-8,
aadA8,3002608,aadA8,
QnrB31,3002746,QnrB31,
OXY-2-3,3002398,OXY-2-3,
OXA-322,3001510,OXA-322,
OXA-57,3001771,OXA-57,
QnrB72,3002784,QnrB72,
OXA-331,3001519,OXA-331,
dfrA15,3003013,dfrA15,
APH(3'')-Ic,3002640,APH(3'')-Ic,
dfrA7,3002862,dfrA7,
msrC,3002819,msrC,
LRA-3,3002510,LRA-3,
mdtO,3003549,mdtO,
SHV-179,3001362,SHV-179,
pp-flo,3002812,pp-flo,
OKP-A-1,3002418,OKP-A-1,
FosC2,3002874,FosC2,
VIM-7,3002277,VIM-7,
mphC,3000319,mphC,
blaR1,3000217,blaR1,
TEM-196,3001376,TEM-196,
CMY-5,3002016,CMY-5,
lmrA,3003028,lmrA,
AAC(6')-Ib8,3002579,AAC(6')-Ib8,
NmcR,3003665,NmcR,
sgm,3000862,sgm,
patA,3000024,patA,
aadA13,3002613,aadA13,
SHV-3,3001062,SHV-3,
CARB-20,3003150,CARB-20,
patB,3000025,patB,
APH(3')-IIa,3002644,APH(3')-IIa,
TEM-4,3000876,TEM-4,
AAC(6')-Ib7,3002578,AAC(6')-Ib7,
LRA-10,3002489,LRA-10,
LRA-7,3002486,LRA-7,
vgaC,3002831,vgaC,
opcM,3003037,opcM,
CMY-36,3002047,CMY-36,
ACT-33,3001853,ACT-33,
NDM-14,3003183,NDM-14,
OXA-287,3001742,OXA-287,
Escherichia coli folP with mutation conferring resistance to sulfonamides,3003386,Escherichia coli folP with mutation conferring resistance to sulfonamides,
gimA,3000463,gimA,
pmrA,3000822,pmrA,
tet(33),3000478,tet(33),
tet(35),3000481,tet(35),
Bacillus pumilus cat86,3002672,Bacillus pumilus cat86,
mtrR,3000817,mtrR,
Staphylococcus aureus rpoB mutants conferring resistance to rifampicin,3003285,Staphylococcus aureus rpoB mutants conferring resistance to rifampicin,
Escherichia coli gyrB conferring resistance to aminocoumarin,3003303,Escherichia coli gyrB conferring resistance to aminocoumarin,
Staphylococcus aureus parE conferring resistance to fluoroquinolones,3003315,Staphylococcus aureus parE conferring resistance to fluoroquinolones,
Staphylococcus aureus pgsA mutations conferring resistance to daptomycin,3003323,Staphylococcus aureus pgsA mutations conferring resistance to daptomycin,
Mycobacterium tuberculosis gidB mutation conferring resistance to streptomycin,3003470,Mycobacterium tuberculosis gidB mutation conferring resistance to streptomycin,
NmcA,3003589,NmcA,
BJP-1,3000856,BJP-1,
PmrF,3003578,PmrF,
Mycobacterium tuberculosis embB mutant conferring resistance to ethambutol,3003326,Mycobacterium tuberculosis embB mutant conferring resistance to ethambutol,
Mycobacterium tuberculosis iniA mutant conferring resistance to ethambutol,3003448,Mycobacterium tuberculosis iniA mutant conferring resistance to ethambutol,
Mycobacterium tuberculosis iniC mutant conferring resistance to ethambutol,3003451,Mycobacterium tuberculosis iniC mutant conferring resistance to ethambutol,
Klebsiella pneumoniae ramR mutants,3003380,Klebsiella pneumoniae ramR mutants,
Escherichia coli rpoB mutants conferring resistance to rifampicin,3003288,Escherichia coli rpoB mutants conferring resistance to rifampicin,
Enterococcus faecium liaR mutant conferring daptomycin resistance,3003078,Enterococcus faecium liaR mutant conferring daptomycin resistance,
Staphylococcus aureus rpoC conferring resistance to daptomycin,3003291,Staphylococcus aureus rpoC conferring resistance to daptomycin,
Mycobacterium tuberculosis pncA mutations conferring resistance to pyrazinamide,3003394,Mycobacterium tuberculosis pncA mutations conferring resistance to pyrazinamide,
Bartonella bacilliformis gyrA conferring resistance to fluoroquinolones,3003297,Bartonella bacilliformis gyrA conferring resistance to fluoroquinolones,
Staphylococcus aureus rpoB mutants conferring resistance to daptomycin,3003287,Staphylococcus aureus rpoB mutants conferring resistance to daptomycin,
Enterococcus faecium liaS mutant conferring daptomycin resistance,3003079,Enterococcus faecium liaS mutant conferring daptomycin resistance,
Staphylococcus aureus gyrA conferring resistance to fluoroquinolones,3003296,Staphylococcus aureus gyrA conferring resistance to fluoroquinolones,
Enterococcus faecium cls conferring resistance to daptomycin,3003092,Enterococcus faecium cls conferring resistance to daptomycin,
vanX gene in vanM cluster,3002953,vanX gene in vanM cluster,
otr(C),3002894,otr(C),
tet(O),3000190,tet(O),
tet(T),3000193,tet(T),
Mycobacterium tuberculosis katG mutations conferring resistance to isoniazid,3003392,Mycobacterium tuberculosis katG mutations conferring resistance to isoniazid,
Mycobacterium tuberculosis rpsL mutations conferring resistance to Streptomycin,3003395,Mycobacterium tuberculosis rpsL mutations conferring resistance to Streptomycin,
Staphylococcus aureus cls conferring resistance to daptomycin,3003074,Staphylococcus aureus cls conferring resistance to daptomycin,
Klebsiella mutant PhoP conferring antibiotic resistance to colistin,3003585,Klebsiella mutant PhoP conferring antibiotic resistance to colistin,
Mycobacterium tuberculosis embR mutant conferring resistance to ethambutol,3003455,Mycobacterium tuberculosis embR mutant conferring resistance to ethambutol,
Mycobacterium tuberculosis embA mutant conferring resistance to ethambutol,3003453,Mycobacterium tuberculosis embA mutant conferring resistance to ethambutol,
Bartonella bacilliformis gyrB conferring resistance to aminocoumarin,3003302,Bartonella bacilliformis gyrB conferring resistance to aminocoumarin,
ACT-41,3006236,ACT-41,
Mycobacterium tuberculosis inhA mutations conferring resistance to isoniazid,3003393,Mycobacterium tuberculosis inhA mutations conferring resistance to isoniazid,
Staphylococcus aureus gyrB conferring resistance to aminocoumarin,3003301,Staphylococcus aureus gyrB conferring resistance to aminocoumarin,
Mycobacterium tuberculosis tlyA mutations conferring resistance to aminoglycosides,3003445,Mycobacterium tuberculosis tlyA mutations conferring resistance to aminoglycosides,
Mycobacterium tuberculosis gyrA conferring resistance to fluoroquinolones,3003295,Mycobacterium tuberculosis gyrA conferring resistance to fluoroquinolones,
Mycobacterium tuberculosis kasA mutant conferring resistance to isoniazid,3003463,Mycobacterium tuberculosis kasA mutant conferring resistance to isoniazid,
Escherichia coli 16S rRNA mutation conferring resistance to edeine,3003223,Escherichia coli 16S rRNA mutation conferring resistance to edeine,
Mycobacterium tuberculosis 16S rRNA mutation conferring resistance to amikacin,3003481,Mycobacterium tuberculosis 16S rRNA mutation conferring resistance to amikacin,
Neisseria gonorrhoeae 16S rRNA mutation conferring resistance to spectinomycin,3003495,Neisseria gonorrhoeae 16S rRNA mutation conferring resistance to spectinomycin,
Escherichia coli EF-Tu mutants conferring resistance to kirromycin,3003368,Escherichia coli EF-Tu mutants conferring resistance to kirromycin,
Escherichia coli EF-Tu mutants conferring resistance to Pulvomycin,3003369,Escherichia coli EF-Tu mutants conferring resistance to Pulvomycin,
Mycobacteroides chelonae 16S rRNA mutation conferring resistance to kanamycin A,3003515,Mycobacteroides chelonae 16S rRNA mutation conferring resistance to kanamycin A,
Clostridioides difficile EF-Tu mutants conferring resistance to elfamycin,3003357,Clostridioides difficile EF-Tu mutants conferring resistance to elfamycin,
Escherichia coli gyrA conferring resistance to fluoroquinolones,3003294,Escherichia coli gyrA conferring resistance to fluoroquinolones,
Escherichia coli soxR with mutation conferring antibiotic resistance,3003381,Escherichia coli soxR with mutation conferring antibiotic resistance,
Escherichia coli parE conferring resistance to fluoroquinolones,3003316,Escherichia coli parE conferring resistance to fluoroquinolones,
Escherichia coli soxS with mutation conferring antibiotic resistance,3003511,Escherichia coli soxS with mutation conferring antibiotic resistance,
Klebsiella pneumoniae acrR with mutation conferring multidrug antibiotic resistance,3003373,Klebsiella pneumoniae acrR with mutation conferring multidrug antibiotic resistance,
Mycobacterium leprae folP with mutation conferring resistance to dapsone,3003389,Mycobacterium leprae folP with mutation conferring resistance to dapsone,
Mycobacterium tuberculosis ethA with mutation conferring resistance to ethionamide,3003458,Mycobacterium tuberculosis ethA with mutation conferring resistance to ethionamide,
Salmonella serovars parE conferring resistance to fluoroquinolones,3003317,Salmonella serovars parE conferring resistance to fluoroquinolones,
Salmonella serovars soxS with mutation conferring antibiotic resistance,3003383,Salmonella serovars soxS with mutation conferring antibiotic resistance,
Enterococcus faecalis liaF mutant conferring daptomycin resistance,3003077,Enterococcus faecalis liaF mutant conferring daptomycin resistance,
Staphylococcus aureus parE conferring resistance to aminocoumarin,3003314,Staphylococcus aureus parE conferring resistance to aminocoumarin,
Streptococcus pyogenes folP with mutation conferring resistance to sulfonamides,3003387,Streptococcus pyogenes folP with mutation conferring resistance to sulfonamides,
Pasteurella multocida 16S rRNA mutation conferring resistance to spectinomycin,3003493,Pasteurella multocida 16S rRNA mutation conferring resistance to spectinomycin,
Escherichia coli EF-Tu mutants conferring resistance to Enacyloxin IIa,3003370,Escherichia coli EF-Tu mutants conferring resistance to Enacyloxin IIa,
Mycobacterium tuberculosis 16S rRNA mutation conferring resistance to streptomycin,3003480,Mycobacterium tuberculosis 16S rRNA mutation conferring resistance to streptomycin,
LnuP,3004601,LnuP,
Bacillus subtilis mprF,3003324,Bacillus subtilis mprF,
Mycobacterium tuberculosis embB with mutation conferring resistance to rifampicin,3003465,Mycobacterium tuberculosis embB with mutation conferring resistance to rifampicin,
Staphylococcus aureus mprF with mutation conferring resistance to daptomycin,3003319,Staphylococcus aureus mprF with mutation conferring resistance to daptomycin,
Mycobacterium tuberculosis ndh with mutation conferring resistance to isoniazid,3003461,Mycobacterium tuberculosis ndh with mutation conferring resistance to isoniazid,
Neisseria gonorrhoeae porin PIB (por),3000464,Neisseria gonorrhoeae porin PIB (por),
Mycobacterium tuberculosis embC mutant conferring resistance to ethambutol,3003327,Mycobacterium tuberculosis embC mutant conferring resistance to ethambutol,
Mycobacterium leprae gyrB conferring resistance to fluoroquinolones,3003304,Mycobacterium leprae gyrB conferring resistance to fluoroquinolones,
Escherichia coli 16S rRNA (rrsB) mutation conferring resistance to neomycin,3003402,Escherichia coli 16S rRNA (rrsB) mutation conferring resistance to neomycin,
Escherichia coli 16S rRNA (rrsB) mutation conferring resistance to G418,3003397,Escherichia coli 16S rRNA (rrsB) mutation conferring resistance to G418,
Salmonella enterica 16S rRNA (rrsD) mutation conferring resistance to spectinomycin,3003512,Salmonella enterica 16S rRNA (rrsD) mutation conferring resistance to spectinomycin,
Mycobacterium tuberculosis gyrB mutant conferring resistance to fluoroquinolones,3003459,Mycobacterium tuberculosis gyrB mutant conferring resistance to fluoroquinolones,
Mycolicibacterium smegmatis 16S rRNA (rrsA) mutation conferring resistance to neomycin,3003544,Mycolicibacterium smegmatis 16S rRNA (rrsA) mutation conferring resistance to neomycin,
Staphylococcus aureus parC conferring resistance to fluoroquinolones,3003312,Staphylococcus aureus parC conferring resistance to fluoroquinolones,
Morganella morganii gyrB conferring resistance to fluoroquinolones,3003306,Morganella morganii gyrB conferring resistance to fluoroquinolones,
Mycobacterium leprae gyrA conferring resistance to fluoroquinolones,3003298,Mycobacterium leprae gyrA conferring resistance to fluoroquinolones,
Salmonella serovars gyrB conferring resistance to fluoroquinolones,3003307,Salmonella serovars gyrB conferring resistance to fluoroquinolones,
Klebsiella aerogenes Omp36,3003385,Klebsiella aerogenes Omp36,
Escherichia coli 16S rRNA (rrnB) mutation conferring resistance to spectinomycin,3003377,Escherichia coli 16S rRNA (rrnB) mutation conferring resistance to spectinomycin,
Escherichia coli 16S rRNA (rrsB) mutation conferring resistance to paromomycin,3003403,Escherichia coli 16S rRNA (rrsB) mutation conferring resistance to paromomycin,
Escherichia coli 16S rRNA (rrsB) mutation conferring resistance to tobramycin,3003408,Escherichia coli 16S rRNA (rrsB) mutation conferring resistance to tobramycin,
Escherichia coli 16S rRNA (rrsB) mutation conferring resistance to spectinomycin,3003376,Escherichia coli 16S rRNA (rrsB) mutation conferring resistance to spectinomycin,
Salmonella enterica ramR mutants,3003379,Salmonella enterica ramR mutants,
Mycobacterium tuberculosis 16S rRNA mutation conferring resistance to viomycin,3003437,Mycobacterium tuberculosis 16S rRNA mutation conferring resistance to viomycin,
Neisseria meningitidis 16S rRNA mutation conferring resistance to spectinomycin,3003497,Neisseria meningitidis 16S rRNA mutation conferring resistance to spectinomycin,
glycopeptide resistance gene cluster VanN,3002917,glycopeptide resistance gene cluster VanN,
glycopeptide resistance gene cluster VanA,3000236,glycopeptide resistance gene cluster VanA,
glycopeptide resistance gene cluster VanO,3002918,glycopeptide resistance gene cluster VanO,
glycopeptide resistance gene cluster VanE,3000259,glycopeptide resistance gene cluster VanE,
glycopeptide resistance gene cluster VanL,3000260,glycopeptide resistance gene cluster VanL,
glycopeptide resistance gene cluster VanF,3000255,glycopeptide resistance gene cluster VanF,
glycopeptide resistance gene cluster VanD,3000253,glycopeptide resistance gene cluster VanD,
glycopeptide resistance gene cluster VanB,3000238,glycopeptide resistance gene cluster VanB,
glycopeptide resistance gene cluster VanC,3000246,glycopeptide resistance gene cluster VanC,
glycopeptide resistance gene cluster VanM,3000256,glycopeptide resistance gene cluster VanM,
glycopeptide resistance gene cluster VanG,3000257,glycopeptide resistance gene cluster VanG,
PDC-4,3002501,PDC-4,
TriA,3003679,TriA,
TriB,3003680,TriB,
TriC,3003681,TriC,
OpmH,3003682,OpmH,
OXA-480,3003637,OXA-480,
ACT-42,3006237,ACT-42,
Pseudomonas aeruginosa gyrA conferring resistance to fluoroquinolones,3003684,Pseudomonas aeruginosa gyrA conferring resistance to fluoroquinolones,
mexP,3003698,mexP,
ADC-104,3006284,ADC-104,
mexQ,3003699,mexQ,
Salmonella enterica soxR with mutation conferring antibiotic resistance,3003382,Salmonella enterica soxR with mutation conferring antibiotic resistance,
Chlamydophila psittaci 16S rRNA mutation conferring resistance to spectinomycin,3003485,Chlamydophila psittaci 16S rRNA mutation conferring resistance to spectinomycin,
Borreliella burgdorferi 16S rRNA mutation conferring resistance to gentamicin,3003504,Borreliella burgdorferi 16S rRNA mutation conferring resistance to gentamicin,
Mycobacterium tuberculosis 16S rRNA mutation conferring resistance to kanamycin,3003436,Mycobacterium tuberculosis 16S rRNA mutation conferring resistance to kanamycin,
Borreliella burgdorferi 16S rRNA mutation conferring resistance to kanamycin,3003503,Borreliella burgdorferi 16S rRNA mutation conferring resistance to kanamycin,
Borreliella burgdorferi 16S rRNA mutation conferring resistance to spectinomycin,3003502,Borreliella burgdorferi 16S rRNA mutation conferring resistance to spectinomycin,
Mycobacteroides chelonae 16S rRNA mutation conferring resistance to neomycin,3003518,Mycobacteroides chelonae 16S rRNA mutation conferring resistance to neomycin,
Mycobacteroides abscessus 16S rRNA mutation conferring resistance to gentamicin,3003240,Mycobacteroides abscessus 16S rRNA mutation conferring resistance to gentamicin,
Mycobacteroides chelonae 16S rRNA mutation conferring resistance to tobramycin,3003516,Mycobacteroides chelonae 16S rRNA mutation conferring resistance to tobramycin,
Mycobacteroides abscessus 16S rRNA mutation conferring resistance to amikacin,3003239,Mycobacteroides abscessus 16S rRNA mutation conferring resistance to amikacin,
Mycobacteroides abscessus 16S rRNA mutation conferring resistance to neomycin,3003238,Mycobacteroides abscessus 16S rRNA mutation conferring resistance to neomycin,
Cutibacterium acnes 16S rRNA mutation conferring resistance to tetracycline,3003499,Cutibacterium acnes 16S rRNA mutation conferring resistance to tetracycline,
Mycobacteroides chelonae 16S rRNA mutation conferring resistance to amikacin,3003514,Mycobacteroides chelonae 16S rRNA mutation conferring resistance to amikacin,
Mycobacteroides chelonae 16S rRNA mutation conferring resistance to gentamicin C,3003517,Mycobacteroides chelonae 16S rRNA mutation conferring resistance to gentamicin C,
Mycobacteroides abscessus 16S rRNA mutation conferring resistance to kanamycin,3003236,Mycobacteroides abscessus 16S rRNA mutation conferring resistance to kanamycin,
Mycobacteroides abscessus 16S rRNA mutation conferring resistance to tobramycin,3003237,Mycobacteroides abscessus 16S rRNA mutation conferring resistance to tobramycin,
Pseudomonas aeruginosa parE conferring resistance to fluoroquinolones,3003685,Pseudomonas aeruginosa parE conferring resistance to fluoroquinolones,
Escherichia coli 16S rRNA (rrsB) mutation conferring resistance to kanamycin A,3003399,Escherichia coli 16S rRNA (rrsB) mutation conferring resistance to kanamycin A,
Escherichia coli 16S rRNA (rrsB) mutation conferring resistance to streptomycin,3003405,Escherichia coli 16S rRNA (rrsB) mutation conferring resistance to streptomycin,
Escherichia coli 16S rRNA (rrnB) mutation conferring resistance to streptomycin,3003406,Escherichia coli 16S rRNA (rrnB) mutation conferring resistance to streptomycin,
Escherichia coli 16S rRNA (rrsB) mutation conferring resistance to gentamicin C,3003396,Escherichia coli 16S rRNA (rrsB) mutation conferring resistance to gentamicin C,
Escherichia coli parC conferring resistance to fluoroquinolones,3003308,Escherichia coli parC conferring resistance to fluoroquinolones,
Mycoplasma hominis parC conferring resistance to fluoroquinolones,3003310,Mycoplasma hominis parC conferring resistance to fluoroquinolones,
Escherichia coli 16S rRNA (rrsC) mutation conferring resistance to kasugamicin,3003333,Escherichia coli 16S rRNA (rrsC) mutation conferring resistance to kasugamicin,
Escherichia coli 16S rRNA (rrsB) mutation conferring resistance to tetracycline,3003410,Escherichia coli 16S rRNA (rrsB) mutation conferring resistance to tetracycline,
Mycolicibacterium smegmatis 16S rRNA (rrsB) mutation conferring resistance to hygromycin B,3003540,Mycolicibacterium smegmatis 16S rRNA (rrsB) mutation conferring resistance to hygromycin B,
Mycolicibacterium smegmatis 16S rRNA (rrsA) mutation conferring resistance to hygromycin B,3003539,Mycolicibacterium smegmatis 16S rRNA (rrsA) mutation conferring resistance to hygromycin B,
Mycolicibacterium smegmatis 16S rRNA (rrsA) mutation conferring resistance to kanamycin A,3003543,Mycolicibacterium smegmatis 16S rRNA (rrsA) mutation conferring resistance to kanamycin A,
Mycolicibacterium smegmatis 16S rRNA (rrsB) mutation conferring resistance to streptomycin,3003541,Mycolicibacterium smegmatis 16S rRNA (rrsB) mutation conferring resistance to streptomycin,
Mycolicibacterium smegmatis 16S rRNA (rrsB) mutation conferring resistance to neomycin,3003545,Mycolicibacterium smegmatis 16S rRNA (rrsB) mutation conferring resistance to neomycin,
Mycolicibacterium smegmatis 16S rRNA (rrsB) mutation conferring resistance to kanamycin A,3003542,Mycolicibacterium smegmatis 16S rRNA (rrsB) mutation conferring resistance to kanamycin A,
Mycolicibacterium smegmatis 16S rRNA (rrsA) mutation conferring resistance to viomycin,3003546,Mycolicibacterium smegmatis 16S rRNA (rrsA) mutation conferring resistance to viomycin,
MexJ,3003692,MexJ,
MexK,3003693,MexK,
MexV,3003030,MexV,
MexW,3003031,MexW,
opmE,3003700,opmE,
mexM,3003704,mexM,
mexN,3003705,mexN,
AAC(6')-Iaj,3003677,AAC(6')-Iaj,
VCC-1,3003713,VCC-1,
PEDO-1,3003670,PEDO-1,
PEDO-2,3003714,PEDO-2,
PEDO-3,3003715,PEDO-3,
CPS-1,3003716,CPS-1,
ESP-1,3003717,ESP-1,
MSI-1,3003718,MSI-1,
MSI-OXA,3003719,MSI-OXA,
SPG-1,3003720,SPG-1,
OXA-288,3001743,OXA-288,
FONA-2,3004789,FONA-2,
PDC-118,3005278,PDC-118,
vanJ,3002914,vanJ,
fusD,3003731,fusD,
QnrS11,3004624,QnrS11,
ADC-105,3006285,ADC-105,
LpxA,3003573,LpxA,
LpxC,3003574,LpxC,
Planobispora rosea EF-Tu mutants conferring resistance to inhibitor GE2270A,3003361,Planobispora rosea EF-Tu mutants conferring resistance to inhibitor GE2270A,
mphG,3003742,mphG,
Pseudomonas aeruginosa oprD with mutation conferring resistance to imipenem,3003686,Pseudomonas aeruginosa oprD with mutation conferring resistance to imipenem,
vanI,3003723,vanI,
OXA-346,3001534,OXA-346,
OXA-439,3003595,OXA-439,
OXA-477,3003634,OXA-477,
vatF,3003744,vatF,
lnuE,3003762,lnuE,
oleC,3003748,oleC,
salA,3003749,salA,
RlmA(II),3001301,RlmA(II),
ACT-38,3003655,ACT-38,
QnrS10,3004622,QnrS10,
vanS gene in vanD cluster,3002934,vanS gene in vanD cluster,
PvrR,3003688,PvrR,
Listeria monocytogenes mprF,3003770,Listeria monocytogenes mprF,
Brucella suis mprF,3003772,Brucella suis mprF,
Clostridium perfringens mprF,3003773,Clostridium perfringens mprF,
Streptococcus agalactiae mprF,3003774,Streptococcus agalactiae mprF,
Staphylococcus aureus ileS with mutation conferring resistance to mupirocin,3003729,Staphylococcus aureus ileS with mutation conferring resistance to mupirocin,
Escherichia coli murA with mutation conferring resistance to fosfomycin,3003775,Escherichia coli murA with mutation conferring resistance to fosfomycin,
Mycobacterium tuberculosis intrinsic murA conferring resistance to fosfomycin,3003784,Mycobacterium tuberculosis intrinsic murA conferring resistance to fosfomycin,
Mycoplasma genitalium 23S rRNA mutations confers resistance to fluoroquinolone and macrolide antibiotics,3004616,Mycoplasma genitalium 23S rRNA mutations confers resistance to fluoroquinolone and macrolide antibiotics,
mphM,3003767,mphM,
cmlA8,3004665,cmlA8,
vanR gene in vanI cluster,3003728,vanR gene in vanI cluster,
vanX gene in vanI cluster,3003725,vanX gene in vanI cluster,
fusC,3003733,fusC,
Staphylococcus aureus mprF,3003769,Staphylococcus aureus mprF,
LpxD,3003575,LpxD,
optrA,3003746,optrA,
eatAv,3003761,eatAv,
ADC-106,3006286,ADC-106,
Staphylococcus aureus murA with mutation conferring resistance to fosfomycin,3003776,Staphylococcus aureus murA with mutation conferring resistance to fosfomycin,
ADC-10,3003855,ADC-10,
ADC-30,3004617,ADC-30,
ADC-58,3004618,ADC-58,
ADC-11,3004615,ADC-11,
SPM-1,3003793,SPM-1,
ACT-8,3001831,ACT-8,
ADC-59,3004619,ADC-59,
Borreliella burgdorferi murA with mutation conferring resistance to fosfomycin,3003777,Borreliella burgdorferi murA with mutation conferring resistance to fosfomycin,
AAC(3)-IIe,3004621,AAC(3)-IIe,
Mycobacterium tuberculosis variant bovis ndh with mutation conferring resistance to isoniazid,3003779,Mycobacterium tuberculosis variant bovis ndh with mutation conferring resistance to isoniazid,
gadW,3003838,gadW,
cdeA,3003835,cdeA,
OXA-364,3001551,OXA-364,
Streptomyces cinnamoneus EF-Tu mutants conferring resistance to elfamycin,3003359,Streptomyces cinnamoneus EF-Tu mutants conferring resistance to elfamycin,
Campylobacter jejuni gyrA conferring resistance to fluoroquinolones,3003789,Campylobacter jejuni gyrA conferring resistance to fluoroquinolones,
Enterococcus faecalis YvlB with mutation conferring daptomycin resistance,3003815,Enterococcus faecalis YvlB with mutation conferring daptomycin resistance,
Enterococcus faecalis drmA with mutation conferring daptomycin resistance,3003813,Enterococcus faecalis drmA with mutation conferring daptomycin resistance,
Enterococcus faecalis gdpD with mutation conferring daptomycin resistance,3003800,Enterococcus faecalis gdpD with mutation conferring daptomycin resistance,
Acinetobacter baumannii gyrA conferring resistance to fluoroquinolones,3003817,Acinetobacter baumannii gyrA conferring resistance to fluoroquinolones,
Enterococcus faecalis gshF with mutation conferring daptomycin resistance,3003805,Enterococcus faecalis gshF with mutation conferring daptomycin resistance,
Enterococcus faecalis YybT with mutation conferring daptomycin resistance,3003797,Enterococcus faecalis YybT with mutation conferring daptomycin resistance,
OXA-440,3003596,OXA-440,
Enterococcus faecium liaF mutant conferring daptomycin resistance,3003790,Enterococcus faecium liaF mutant conferring daptomycin resistance,
Enterococcus faecalis liaS mutant conferring daptomycin resistance,3003791,Enterococcus faecalis liaS mutant conferring daptomycin resistance,
Enterococcus faecalis liaR mutant conferring daptomycin resistance,3003792,Enterococcus faecalis liaR mutant conferring daptomycin resistance,
OXA-478,3003635,OXA-478,
FAR-1,3004784,FAR-1,
LEN-41,3004844,LEN-41,
TLA-3,3003204,TLA-3,
ADC-60,3004620,ADC-60,
MOX-9,3002191,MOX-9,
AAC(6')-Ian,3003200,AAC(6')-Ian,
FRI-1,3004797,FRI-1,
kdpE,3003841,kdpE,
LEN-26,3002474,LEN-26,
ADC-2,3003848,ADC-2,
AAC(3)-IId,3004623,AAC(3)-IId,
Erm(49),3004626,Erm(49),
ADC-188,3006357,ADC-188,
carO,3003808,carO,
Bacillus subtilis pgsA with mutation conferring resistance to daptomycin,3003788,Bacillus subtilis pgsA with mutation conferring resistance to daptomycin,
Staphylococcus aureus walK with mutation conferring resistance to daptomycin,3003794,Staphylococcus aureus walK with mutation conferring resistance to daptomycin,
Acinetobacter baumannii parC conferring resistance to fluoroquinolones,3003818,Acinetobacter baumannii parC conferring resistance to fluoroquinolones,
Acinetobacter baumannii OprD conferring resistance to imipenem,3003809,Acinetobacter baumannii OprD conferring resistance to imipenem,
MUS-2,3003842,MUS-2,
AAC(6')-Im,3004629,AAC(6')-Im,
ADC-67,3004633,ADC-67,
ADC-73,3004634,ADC-73,
AAC(6')-Il,3004635,AAC(6')-Il,
qnrE1,3004636,qnrE1,
qnrE2,3004637,qnrE2,
Corynebacterium striatum tetA,3004639,Corynebacterium striatum tetA,
dfrA15b,3004640,dfrA15b,
Erm(K),3004643,Erm(K),
dfrA6 from Proteus mirabilis,3004644,dfrA6 from Proteus mirabilis,
dfrI,3004645,dfrI,
AQU-2,3004647,AQU-2,
cfr(B),3004649,cfr(B),
nalC,3000818,nalC,
Escherichia coli UhpT with mutation conferring resistance to fosfomycin,3003890,Escherichia coli UhpT with mutation conferring resistance to fosfomycin,
Pseudomonas mutant PhoQ conferring resistance to colistin,3003896,Pseudomonas mutant PhoQ conferring resistance to colistin,
ADC-1,3003847,ADC-1,
ADC-3,3003849,ADC-3,
ADC-4,3003850,ADC-4,
ADC-6,3003852,ADC-6,
ADC-7,3003853,ADC-7,
ADC-8,3003854,ADC-8,
ADC-5,3003851,ADC-5,
ADC-12,3003856,ADC-12,
ADC-156,3006330,ADC-156,
QnrS12,3004625,QnrS12,
ANT(4')-Ib,3003905,ANT(4')-Ib,
ADC-62,3004632,ADC-62,
Erm(47),3003908,Erm(47),
dfrA3b,3004642,dfrA3b,
AQU-3,3004648,AQU-3,
LEN-17,3002473,LEN-17,
Escherichia coli uhpA with mutation conferring resistance to fosfomycin,3003893,Escherichia coli uhpA with mutation conferring resistance to fosfomycin,
Escherichia coli cyaA with mutation conferring resistance to fosfomycin,3003900,Escherichia coli cyaA with mutation conferring resistance to fosfomycin,
OXA-368,3001555,OXA-368,
TEM-220,3003158,TEM-220,
oqxA,3003922,oqxA,
oqxB,3003923,oqxB,
aadA10,3004692,aadA10,
Streptococcus pneumoniae parC conferring resistance to fluoroquinolones,3003311,Streptococcus pneumoniae parC conferring resistance to fluoroquinolones,
Ureaplasma urealyticum parC conferring resistance to fluoroquinolones,3003309,Ureaplasma urealyticum parC conferring resistance to fluoroquinolones,
Haemophilus parainfluenzae gyrA conferring resistance to fluoroquinolones,3003924,Haemophilus parainfluenzae gyrA conferring resistance to fluoroquinolones,
Haemophilus parainfluenzae parC conferring resistance to fluoroquinolones,3003925,Haemophilus parainfluenzae parC conferring resistance to fluoroquinolones,
Salmonella enterica gyrA conferring resistance to fluoroquinolones,3003926,Salmonella enterica gyrA conferring resistance to fluoroquinolones,
rpsJ,3003930,rpsJ,
Capnocytophaga gingivalis gyrA conferring resistance to fluoroquinolones,3003931,Capnocytophaga gingivalis gyrA conferring resistance to fluoroquinolones,
OXA-291,3001746,OXA-291,
Salmonella enterica parC conferring resistance to fluoroquinolones,3003939,Salmonella enterica parC conferring resistance to fluoroquinolones,
apmA,3003918,apmA,
Shigella flexneri gyrA conferring resistance to fluoroquinolones,3003940,Shigella flexneri gyrA conferring resistance to fluoroquinolones,
Shigella flexneri parC conferring resistance to fluoroquinolones,3003941,Shigella flexneri parC conferring resistance to fluoroquinolones,
Neisseria meningititis PBP2 conferring resistance to beta-lactam,3003937,Neisseria meningititis PBP2 conferring resistance to beta-lactam,
abcA,3003942,abcA,
OXA-372,3001558,OXA-372,
Streptococcus pneumoniae PBP2b conferring resistance to amoxicillin,3003042,Streptococcus pneumoniae PBP2b conferring resistance to amoxicillin,
cipA,3003907,cipA,
OXA-441,3003597,OXA-441,
OXA-479,3003636,OXA-479,
FIM-1,3004786,FIM-1,
FONA-1,3004788,FONA-1,
FPH-1,3004795,FPH-1,
Staphylococcus aureus menA with mutation conferring resistance to lysocin,3003917,Staphylococcus aureus menA with mutation conferring resistance to lysocin,
Staphylococcus aureus GlpT with mutation conferring resistance to fosfomycin,3003901,Staphylococcus aureus GlpT with mutation conferring resistance to fosfomycin,
Cutibacterium acnes gyrA conferring resistance to fluoroquinolones,3003974,Cutibacterium acnes gyrA conferring resistance to fluoroquinolones,
Staphylococcus aureus UhpT with mutation conferring resistance to fosfomycin,3003902,Staphylococcus aureus UhpT with mutation conferring resistance to fosfomycin,
QnrS15,3004627,QnrS15,
Erm(O)-lrm,3004652,Erm(O)-lrm,
efrA,3003948,efrA,
efrB,3003949,efrB,
PDC-384,3005283,PDC-384,
msbA,3003950,msbA,
hmrM,3003953,hmrM,
Clostridioides difficile 23S rRNA with mutation conferring resistance to erythromycin and clindamycin,3004654,Clostridioides difficile 23S rRNA with mutation conferring resistance to erythromycin and clindamycin,
efmA,3003954,efmA,
efpA,3003955,efpA,
farA,3003961,farA,
farB,3003962,farB,
NDM-20,3004863,NDM-20,
hp1181,3003964,hp1181,
lmrP,3003969,lmrP,
Pseudomonas mutant PhoP conferring resistance to colistin,3003895,Pseudomonas mutant PhoP conferring resistance to colistin,
ADC-189,3006358,ADC-189,
lfrA,3003967,lfrA,
D-Ala-D-Ala ligase,3003970,D-Ala-D-Ala ligase,
catII from Escherichia coli K-12,3004656,catII from Escherichia coli K-12,
catA4,3004657,catA4,
catA8,3004658,catA8,
Mef(En2),3004659,Mef(En2),
catB11,3004660,catB11,
lin,3004651,lin,
Staphylococcus aureus FosB,3004661,Staphylococcus aureus FosB,
MCR-3.3,3004662,MCR-3.3,
FusF,3004663,FusF,
Staphylococcus aureus norA,3004667,Staphylococcus aureus norA,
Klebsiella pneumoniae OmpK35,3003966,Klebsiella pneumoniae OmpK35,
Klebsiella pneumoniae OmpK36,3003968,Klebsiella pneumoniae OmpK36,
FosB1,3004670,FosB1,
FosB4,3004671,FosB4,
AAC(2')-IIa,3004628,AAC(2')-IIa,
OXA-296,3001751,OXA-296,
Clostridioides difficile rpoB with mutation conferring resistance to rifampicin,3004563,Clostridioides difficile rpoB with mutation conferring resistance to rifampicin,
emtA,3004669,emtA,
FosB5,3004672,FosB5,
aphA15,3004675,aphA15,
OXA-292,3001747,OXA-292,
OXA-373,3001559,OXA-373,
OXA-442,3003598,OXA-442,
ACT-43,3006238,ACT-43,
MCR-3.12,3004693,MCR-3.12,
sta,3004699,sta,
Mycobacterium tuberculosis variant bovis embB with mutation conferring resistance to ethambutol,3003325,Mycobacterium tuberculosis variant bovis embB with mutation conferring resistance to ethambutol,
Halobacterium salinarum 16S rRNA mutation conferring resistance to pactamycin,3003977,Halobacterium salinarum 16S rRNA mutation conferring resistance to pactamycin,
Helicobacter pylori 16S rRNA mutation conferring resistance to tetracycline,3003510,Helicobacter pylori 16S rRNA mutation conferring resistance to tetracycline,
LEN-42,3004845,LEN-42,
OXA-293,3001748,OXA-293,
Mycobacterium tuberculosis Rv0191 mutations confer resistance to pyrazinamide,3004981,Mycobacterium tuberculosis Rv0191 mutations confer resistance to pyrazinamide,
Mycobacterium tuberculosis inbR mutations conferring resistance to isoniazid,3004924,Mycobacterium tuberculosis inbR mutations conferring resistance to isoniazid,
Mycobacteroides chelonae 23S rRNA with mutation conferring resistance to clarithromycin,3004165,Mycobacteroides chelonae 23S rRNA with mutation conferring resistance to clarithromycin,
pexA,3004666,pexA,
FosB6,3004673,FosB6,
rmtD2,3004677,rmtD2,
APH(3')-VIIIa,3004680,APH(3')-VIIIa,
LlmA 23S ribosomal RNA methyltransferase,3003982,LlmA 23S ribosomal RNA methyltransferase,
CatU,3003983,CatU,
BahA,3003984,BahA,
TaeA,3003986,TaeA,
VatI,3003987,VatI,
AAC(2')-IIb,3003988,AAC(2')-IIb,
AAC(6')-34,3003989,AAC(6')-34,
mphI,3003991,mphI,
rphB,3003992,rphB,
cpaA,3003994,cpaA,
aadS,3004683,aadS,
MCR-1.5,3004685,MCR-1.5,
MCR-1.11,3004688,MCR-1.11,
Clostridioides difficile rpoC with mutation conferring resistance to vancomycin,3004681,Clostridioides difficile rpoC with mutation conferring resistance to vancomycin,
aadA27,3004682,aadA27,
MuxA,3004073,MuxA,
tetA(58),3003980,tetA(58),
vgbC,3003990,vgbC,
MCR-9.1,3004684,MCR-9.1,
aadA8b,3004704,aadA8b,
vga(E) Staphylococcus cohnii,3004715,vga(E) Staphylococcus cohnii,
OXA-392,3001578,OXA-392,
Clostridioides difficile gyrA conferring resistance to fluoroquinolones,3003995,Clostridioides difficile gyrA conferring resistance to fluoroquinolones,
FosD,3004674,FosD,
rmtE,3004678,rmtE,
MCR-1.7,3004686,MCR-1.7,
MCR-1.12,3004689,MCR-1.12,
MCR-4.2,3004694,MCR-4.2,
OXA-294,3001749,OXA-294,
tva(A),3004730,tva(A),
OXA-400,3001586,OXA-400,
glycopeptide resistance gene cluster VanI,3003722,glycopeptide resistance gene cluster VanI,
OXA-443,3003599,OXA-443,
OXA-482,3003639,OXA-482,
FONA-3,3004790,FONA-3,
FRI-2,3004798,FRI-2,
LEN-43,3004846,LEN-43,
NDM-27,3004870,NDM-27,
Mycobacterium tuberculosis Rv1667 mutations confer resistance to pyrazinamide,3004984,Mycobacterium tuberculosis Rv1667 mutations confer resistance to pyrazinamide,
Mycobacterium tuberculosis mshA mutations conferring resistance to isoniazid,3004925,Mycobacterium tuberculosis mshA mutations conferring resistance to isoniazid,
ADC-31,3003870,ADC-31,
ADC-39,3003871,ADC-39,
rmtE2,3004679,rmtE2,
MCR-1.8,3004687,MCR-1.8,
MCR-1.13,3004690,MCR-1.13,
MCR-4.3,3004695,MCR-4.3,
OXA-402,3001588,OXA-402,
OXA-261,3001717,OXA-261,
OXA-295,3001750,OXA-295,
OXA-401,3001587,OXA-401,
ADC-157,3006331,ADC-157,
tet(X4),3004720,tet(X4),
OXA-444,3003600,OXA-444,
OXA-483,3003640,OXA-483,
FONA-4,3004791,FONA-4,
FRI-3,3004799,FRI-3,
FTU-1,3004801,FTU-1,
GOB-10,3004802,GOB-10,
LEN-51,3004847,LEN-51,
NDM-28,3004871,NDM-28,
ADC-190,3006359,ADC-190,
Mycolicibacterium smegmatis 16S rRNA (rrsB) mutation conferring resistance to viomycin,3003547,Mycolicibacterium smegmatis 16S rRNA (rrsB) mutation conferring resistance to viomycin,
Mycobacterium tuberculosis Rv2731 mutations confer resistance to pyrazinamide,3004987,Mycobacterium tuberculosis Rv2731 mutations confer resistance to pyrazinamide,
MCR-3.4,3004691,MCR-3.4,
MCR-4.4,3004696,MCR-4.4,
OXA-140,3001452,OXA-140,
OXA-262,3001718,OXA-262,
OXA-297,3001752,OXA-297,
OXA-403,3001589,OXA-403,
mgtA,3000462,mgtA,
ADC-158,3006332,ADC-158,
ADC-160,3006333,ADC-160,
MCR-4.5,3004697,MCR-4.5,
OXA-103,3001707,OXA-103,
OXA-263,3001719,OXA-263,
OXA-298,3001753,OXA-298,
Pseudomonas aeruginosa CpxR,3004054,Pseudomonas aeruginosa CpxR,
OXA-404,3001595,OXA-404,
OXA-446,3003602,OXA-446,
OXA-484,3003641,OXA-484,
FONA-5,3004792,FONA-5,
GOB-11,3004803,GOB-11,
LEN-55,3004848,LEN-55,
Mycobacterium tuberculosis mshC mutations conferring resistance to isoniazid,3004927,Mycobacterium tuberculosis mshC mutations conferring resistance to isoniazid,
tetB(60),3004036,tetB(60),
tetA(46),3004032,tetA(46),
tetB(46),3004033,tetB(46),
tetA(60),3004035,tetA(60),
floR,3002705,floR,
OpmB,3004072,OpmB,
MCR-5.2,3004698,MCR-5.2,
SFH-1,3000849,SFH-1,
adeL,3000620,adeL,
Pseudomonas aeruginosa emrE,3004038,Pseudomonas aeruginosa emrE,
Escherichia coli emrE,3004039,Escherichia coli emrE,
OXA-122,3001444,OXA-122,
Klebsiella pneumoniae acrA,3004041,Klebsiella pneumoniae acrA,
Enterobacter cloacae acrA,3004042,Enterobacter cloacae acrA,
Escherichia coli acrA,3004043,Escherichia coli acrA,
OXA-264,3001720,OXA-264,
OXA-299,3001754,OXA-299,
OXA-405,3001596,OXA-405,
OXA-447,3003603,OXA-447,
OXA-485,3003642,OXA-485,
FONA-6,3004793,FONA-6,
GOB-12,3004804,GOB-12,
LEN-58,3004849,LEN-58,
Streptococcus pneumoniae PBP2x conferring resistance to amoxicillin,3003043,Streptococcus pneumoniae PBP2x conferring resistance to amoxicillin,
ADC-191,3006360,ADC-191,
Mycobacterium tuberculosis Rv3169 mutations confer resistance to pyrazinamide,3004993,Mycobacterium tuberculosis Rv3169 mutations confer resistance to pyrazinamide,
bcr-1,3003801,bcr-1,
"MexEF-OprN with MexS mutations conferring resistance to chloramphenicol, ciprofloxacin, and trimethoprim",3004068,"MexEF-OprN with MexS mutations conferring resistance to chloramphenicol, ciprofloxacin, and trimethoprim",
ADC-18,3003862,ADC-18,
nalD,3000819,nalD,
MexR,3000506,MexR,
OXA-123,3001445,OXA-123,
mphL,3003072,mphL,
ArmR,3004056,ArmR,
OXA-265,3001721,OXA-265,
Staphylococcus aureus 23S rRNA with mutation conferring resistance to linezolid,3004058,Staphylococcus aureus 23S rRNA with mutation conferring resistance to linezolid,
Type A NfxB,3004059,Type A NfxB,
OXA-300,3001755,OXA-300,
Type B NfxB,3004060,Type B NfxB,
OXA-406,3001597,OXA-406,
EdeQ,3004063,EdeQ,
OXA-448,3003604,OXA-448,
OXA-486,3003643,OXA-486,
GOB-13,3004805,GOB-13,
MvaT,3004069,MvaT,
MexEF-OprN with MvaT deletion conferring resistance to chloramphenicol and norfloxacin,3004070,MexEF-OprN with MvaT deletion conferring resistance to chloramphenicol and norfloxacin,
Escherichia coli nfsA mutations conferring resistance to nitrofurantoin,3003751,Escherichia coli nfsA mutations conferring resistance to nitrofurantoin,
tet(L),3000179,tet(L),
basS,3003583,basS,
Chlamydia trachomatis intrinsic murA conferring resistance to fosfomycin,3003785,Chlamydia trachomatis intrinsic murA conferring resistance to fosfomycin,
Enterococcus faecium EF-Tu mutants conferring resistance to GE2270A,3003438,Enterococcus faecium EF-Tu mutants conferring resistance to GE2270A,
MexF,3000804,MexF,
Mycobacterium leprae rpoB mutations conferring resistance to rifampicin,3003284,Mycobacterium leprae rpoB mutations conferring resistance to rifampicin,
OprM,3000379,OprM,
MexCD-OprJ with type B NfxB mutation,3004062,MexCD-OprJ with type B NfxB mutation,
BRP(MBL),3001205,BRP(MBL),
ANT(3'')-IIc,3004091,ANT(3'')-IIc,
MexXY-OprA,3003038,MexXY-OprA,
ADC-19,3003863,ADC-19,
ADC-20,3003864,ADC-20,
ACT-44,3006239,ACT-44,
ADC-21,3003865,ADC-21,
ADC-22,3003866,ADC-22,
ADC-23,3003867,ADC-23,
MuxB,3004074,MuxB,
OXA-124,3001446,OXA-124,
OXA-266,3001722,OXA-266,
MuxC,3004075,MuxC,
OXA-301,3001756,OXA-301,
OXA-407,3001598,OXA-407,
OXA-449,3003605,OXA-449,
OXA-453,3003609,OXA-453,
OXA-488,3003645,OXA-488,
ARL-1,3004734,ARL-1,
MuxABC-OpmB,3004076,MuxABC-OpmB,
BCL-1,3004749,BCL-1,
BRO-1,3004761,BRO-1,
GOB-14,3004806,GOB-14,
MIR-23,3004745,MIR-23,
Mycobacterium tuberculosis mymA mutations conferring resistance to isoniazid,3004928,Mycobacterium tuberculosis mymA mutations conferring resistance to isoniazid,
MexJK-OprM,3003694,MexJK-OprM,
MexJK-OpmH,3003691,MexJK-OpmH,
MexVW-OprM,3003029,MexVW-OprM,
TriABC-OpmH,3003678,TriABC-OpmH,
PmpM,3004077,PmpM,
AcrAB-TolC,3000384,AcrAB-TolC,
APH(3')-VIIIb,3004086,APH(3')-VIIIb,
oqxAB,3003921,oqxAB,
lnuG,3004085,lnuG,
ANT(3'')-IIa,3004089,ANT(3'')-IIa,
ANT(3'')-IIb,3004090,ANT(3'')-IIb,
NDM-17,3004093,NDM-17,
ADC-25,3003868,ADC-25,
OXA-125,3001447,OXA-125,
LpeA,3004099,LpeA,
LpeB,3004100,LpeB,
MexGHI-OpmD,3000799,MexGHI-OpmD,
MexPQ-OpmE,3003697,MexPQ-OpmE,
CFE-2,3004464,CFE-2,
MexMN-OprM,3003703,MexMN-OprM,
MdtABC-TolC,3000787,MdtABC-TolC,
EmrAB-TolC,3000344,EmrAB-TolC,
EmrKY-TolC,3000373,EmrKY-TolC,
OXA-267,3001723,OXA-267,
MdtEF-TolC,3000788,MdtEF-TolC,
PDC-79,3004342,PDC-79,
PDC-80,3004343,PDC-80,
MdtNOP,3004101,MdtNOP,
kamB,3004102,kamB,
QepA2,3004103,QepA2,
OXA-302,3001757,OXA-302,
TMB-1,3004105,TMB-1,
TMB-2,3004106,TMB-2,
Pseudomonas aeruginosa soxR,3004107,Pseudomonas aeruginosa soxR,
OXA-408,3001599,OXA-408,
FosA6,3004111,FosA6,
FosA7,3004113,FosA7,
Moraxella catarrhalis M35,3004124,Moraxella catarrhalis M35,
porin OmpC,3004114,porin OmpC,
Vibrio cholerae OmpU,3004117,Vibrio cholerae OmpU,
OXA-450,3003606,OXA-450,
OXA-455,3003611,OXA-455,
Escherichia coli LamB,3004126,Escherichia coli LamB,
ADC-192,3006361,ADC-192,
AcrEF-TolC confers resistance to ciprofloxacin,3004083,AcrEF-TolC confers resistance to ciprofloxacin,
Burkholderia pseudomallei Omp38,3004123,Burkholderia pseudomallei Omp38,
Vibrio cholerae OmpT,3004118,Vibrio cholerae OmpT,
ARL-2,3004735,ARL-2,
BAT-1,3004747,BAT-1,
BES-1,3004751,BES-1,
BRO-2,3004762,BRO-2,
Serratia marcescens Omp1,3004128,Serratia marcescens Omp1,
Mycoplasma gallisepticum 23S rRNA mutation conferring resistance to pleuromutilin antibiotics,3004159,Mycoplasma gallisepticum 23S rRNA mutation conferring resistance to pleuromutilin antibiotics,
Streptococcus mitis CdsA with mutation conferring daptomycin resistance,3004097,Streptococcus mitis CdsA with mutation conferring daptomycin resistance,
Brachyspira hyodysenteriae 23S rRNA with mutation conferring resistance to tylosin,3004133,Brachyspira hyodysenteriae 23S rRNA with mutation conferring resistance to tylosin,
Moraxella catarrhalis 23S rRNA with mutation conferring resistance to macrolide antibiotics,3004138,Moraxella catarrhalis 23S rRNA with mutation conferring resistance to macrolide antibiotics,
Helicobacter pylori 23S rRNA with mutation conferring resistance to clarithromycin,3004134,Helicobacter pylori 23S rRNA with mutation conferring resistance to clarithromycin,
OprZ,3004142,OprZ,
AxyX,3004143,AxyX,
AxyZ,3004145,AxyZ,
AxyY,3004144,AxyY,
cfrC,3004146,cfrC,
PDC-81,3004344,PDC-81,
ADC-107,3006287,ADC-107,
ADC-109,3006288,ADC-109,
Escherichia coli 23S rRNA with mutation conferring resistance to clindamycin,3004149,Escherichia coli 23S rRNA with mutation conferring resistance to clindamycin,
Escherichia coli 23S rRNA with mutation conferring resistance to clarithromycin,3004160,Escherichia coli 23S rRNA with mutation conferring resistance to clarithromycin,
Propionibacteria 23S rRNA with mutation conferring resistance to macrolide antibiotics,3004161,Propionibacteria 23S rRNA with mutation conferring resistance to macrolide antibiotics,
Mycobacterium tuberculosis thyA with mutation conferring resistance to para-aminosalicylic acid,3004153,Mycobacterium tuberculosis thyA with mutation conferring resistance to para-aminosalicylic acid,
Mycobacterium tuberculosis folC with mutation conferring resistance to para-aminosalicylic acid,3004157,Mycobacterium tuberculosis folC with mutation conferring resistance to para-aminosalicylic acid,
Mycolicibacterium smegmatis 23S rRNA with mutation conferring resistance to clarithromycin,3004169,Mycolicibacterium smegmatis 23S rRNA with mutation conferring resistance to clarithromycin,
Mycobacterium avium 23S rRNA with mutation conferring resistance to clarithromycin,3004164,Mycobacterium avium 23S rRNA with mutation conferring resistance to clarithromycin,
Mycobacterium intracellulare 23S rRNA with mutation conferring resistance to clarithromycin,3004166,Mycobacterium intracellulare 23S rRNA with mutation conferring resistance to clarithromycin,
Mycobacterium intracellulare 23S rRNA with mutation conferring resistance to azithromycin,3004167,Mycobacterium intracellulare 23S rRNA with mutation conferring resistance to azithromycin,
Mycobacterium kansasii 23S rRNA with mutation conferring resistance to clarithromycin,3004168,Mycobacterium kansasii 23S rRNA with mutation conferring resistance to clarithromycin,
ADC-193,3006362,ADC-193,
Chlamydomonas reinhardtii 23S rRNA with mutation conferring resistance to erythromycin,3004132,Chlamydomonas reinhardtii 23S rRNA with mutation conferring resistance to erythromycin,
Escherichia coli 23S rRNA with mutation conferring resistance to erythromycin and telithromycin,3004131,Escherichia coli 23S rRNA with mutation conferring resistance to erythromycin and telithromycin,
Mycobacteroides abscessus 23S rRNA with mutation conferring resistance to clarithromycin,3004163,Mycobacteroides abscessus 23S rRNA with mutation conferring resistance to clarithromycin,
Streptococcus pneumoniae 23S rRNA with mutation conferring resistance to macrolide antibiotics,3004170,Streptococcus pneumoniae 23S rRNA with mutation conferring resistance to macrolide antibiotics,
Escherichia coli 23S rRNA with mutation conferring resistance to oxazolidinone antibiotics,3004173,Escherichia coli 23S rRNA with mutation conferring resistance to oxazolidinone antibiotics,
Chlamydia trachomatis 23S rRNA with mutation conferring resistance to macrolide antibiotics,3004174,Chlamydia trachomatis 23S rRNA with mutation conferring resistance to macrolide antibiotics,
OXA-126,3001448,OXA-126,
Mycoplasma pneumoniae 23S rRNA mutation conferring resistance to erythromycin,3004179,Mycoplasma pneumoniae 23S rRNA mutation conferring resistance to erythromycin,
Halobacterium halobium 23S rRNA mutation conferring resistance to chloramphenicol,3004180,Halobacterium halobium 23S rRNA mutation conferring resistance to chloramphenicol,
Streptococcus pneumoniae 23S rRNA mutation conferring resistance to macrolides and streptogramins antibiotics,3004181,Streptococcus pneumoniae 23S rRNA mutation conferring resistance to macrolides and streptogramins antibiotics,
Mycobacterium tuberculosis ribD with mutation conferring resistance to para-aminosalicylic acid,3004184,Mycobacterium tuberculosis ribD with mutation conferring resistance to para-aminosalicylic acid,
mecD,3004185,mecD,
Escherichia coli mdfA,3001328,Escherichia coli mdfA,
Salmonella enterica cmlA,3002691,Salmonella enterica cmlA,
"MexEF-OprN with MexT mutation conferring resistance to chloramphenicol, ciprofloxacin, and trimethoprim",3004066,"MexEF-OprN with MexT mutation conferring resistance to chloramphenicol, ciprofloxacin, and trimethoprim",
AAC(2')-Ie,3002527,AAC(2')-Ie,
Mycobacterium tuberculosis iniB with mutation conferring resistance to ethambutol,3004135,Mycobacterium tuberculosis iniB with mutation conferring resistance to ethambutol,
PatA-PatB,3000769,PatA-PatB,
Bla2,3004189,Bla2,
PDC-82,3004345,PDC-82,
ADC-110,3006289,ADC-110,
APH(2'')-If,3004191,APH(2'')-If,
MCR-1.2,3004194,MCR-1.2,
GOB-18,3004213,GOB-18,
NPS-1,3004239,NPS-1,
Escherichia coli 23S rRNA with mutation conferring resistance to chloramphenicol,3004150,Escherichia coli 23S rRNA with mutation conferring resistance to chloramphenicol,
Vibrio cholerae varG,3004289,Vibrio cholerae varG,
LAP-2,3004826,LAP-2,
Rhodobacter sphaeroides ampC beta-lactamase,3004291,Rhodobacter sphaeroides ampC beta-lactamase,
Mycoplasma hominis 23S rRNA with mutation conferring resistance to macrolide antibiotics,3004176,Mycoplasma hominis 23S rRNA with mutation conferring resistance to macrolide antibiotics,
rpoB2,3000501,rpoB2,
Escherichia coli ampC beta-lactamase,3004290,Escherichia coli ampC beta-lactamase,
BUT-1,3004294,BUT-1,
ADC-13,3003857,ADC-13,
ADC-14,3003858,ADC-14,
ADC-15,3003859,ADC-15,
ADC-17,3003861,ADC-17,
ADC-16,3003860,ADC-16,
ADC-41,3003872,ADC-41,
ADC-42,3003873,ADC-42,
ADC-43,3003874,ADC-43,
ADC-44,3003876,ADC-44,
ADC-56,3003878,ADC-56,
ADC-61,3003879,ADC-61,
ADC-74,3003880,ADC-74,
ADC-75,3003881,ADC-75,
ADC-76,3003882,ADC-76,
ADC-77,3003883,ADC-77,
ADC-78,3003884,ADC-78,
ADC-79,3003885,ADC-79,
ADC-81,3003887,ADC-81,
ADC-162,3006334,ADC-162,
ADC-82,3003888,ADC-82,
Escherichia coli PtsI with mutation conferring resistance to fosfomycin,3003899,Escherichia coli PtsI with mutation conferring resistance to fosfomycin,
Salmonella enterica gyrA with mutation conferring resistance to triclosan,3004334,Salmonella enterica gyrA with mutation conferring resistance to triclosan,
EBR-2,3004463,EBR-2,
PDC-324,3005279,PDC-324,
Escherichia coli gyrA with mutation conferring resistance to triclosan,3004335,Escherichia coli gyrA with mutation conferring resistance to triclosan,
PDC-73,3004336,PDC-73,
PDC-74,3004337,PDC-74,
PDC-75,3004338,PDC-75,
PDC-76,3004339,PDC-76,
PDC-77,3004340,PDC-77,
PDC-78,3004341,PDC-78,
ADC-112,3006290,ADC-112,
PDC-83,3004346,PDC-83,
PDC-84,3004347,PDC-84,
PDC-85,3004348,PDC-85,
PDC-86,3004349,PDC-86,
PDC-87,3004350,PDC-87,
PDC-88,3004351,PDC-88,
PDC-89,3004352,PDC-89,
PDC-90,3004353,PDC-90,
PDC-91,3004354,PDC-91,
PDC-92,3004355,PDC-92,
PDC-93,3004356,PDC-93,
catV,3004357,catV,
ACI-1,3004359,ACI-1,
sul4,3004361,sul4,
ADC-194,3006363,ADC-194,
OXA-436,3003128,OXA-436,
OXA-535,3004362,OXA-535,
almG,3004364,almG,
OXA-127,3001449,OXA-127,
OXA-268,3001724,OXA-268,
QepA4,3004379,QepA4,
tet(59),3004441,tet(59),
tet(W/N/W),3004442,tet(W/N/W),
Haemophilus influenzae PBP3 conferring resistance to beta-lactam antibiotics,3004446,Haemophilus influenzae PBP3 conferring resistance to beta-lactam antibiotics,
OXA-269,3001725,OXA-269,
TRU-1,3004450,TRU-1,
Chryseobacterium meningosepticum BlaB,3000579,Chryseobacterium meningosepticum BlaB,
Agrobacterium fabrum chloramphenicol acetyltransferase,3004451,Agrobacterium fabrum chloramphenicol acetyltransferase,
Campylobacter coli chloramphenicol acetyltransferase,3004454,Campylobacter coli chloramphenicol acetyltransferase,
Streptococcus suis chloramphenicol acetyltransferase,3004455,Streptococcus suis chloramphenicol acetyltransferase,
Enterococcus faecium chloramphenicol acetyltransferase,3004456,Enterococcus faecium chloramphenicol acetyltransferase,
Staphylococcus intermedius chloramphenicol acetyltransferase,3004457,Staphylococcus intermedius chloramphenicol acetyltransferase,
Enterococcus faecalis chloramphenicol acetyltransferase,3004458,Enterococcus faecalis chloramphenicol acetyltransferase,
Vibrio anguillarum chloramphenicol acetyltransferase,3004460,Vibrio anguillarum chloramphenicol acetyltransferase,
Pseudomonas aeruginosa catB7,3002679,Pseudomonas aeruginosa catB7,
PDC-323,3005280,PDC-323,
ICR-Mc,3004466,ICR-Mc,
poxtA,3004470,poxtA,
OXA-303,3001758,OXA-303,
OXA-409,3001600,OXA-409,
OXA-451,3003607,OXA-451,
OXA-457,3003613,OXA-457,
ARL-3,3004736,ARL-3,
ADC-113,3006291,ADC-113,
BIC-1,3004753,BIC-1,
CBP-1,3004764,CBP-1,
GOB-15,3004807,GOB-15,
Mycobacterium tuberculosis eis mutations confer resistance to kanamycin,3004963,Mycobacterium tuberculosis eis mutations confer resistance to kanamycin,
Neisseria gonorrhoeae folP with mutation conferring resistance to sulfonamides,3004873,Neisseria gonorrhoeae folP with mutation conferring resistance to sulfonamides,
Mycobacterium tuberculosis inhA mutations conferring resistance to ethionamide,3004876,Mycobacterium tuberculosis inhA mutations conferring resistance to ethionamide,
Mycobacterium tuberculosis nudC mutations conferring resistance to isoniazid,3004931,Mycobacterium tuberculosis nudC mutations conferring resistance to isoniazid,
OXA-151,3001456,OXA-151,
OXA-270,3001726,OXA-270,
OXA-304,3001759,OXA-304,
OXA-411,3001602,OXA-411,
OXA-452,3003608,OXA-452,
OXA-458,3003614,OXA-458,
ARL-4,3004737,ARL-4,
BIL-1,3004755,BIL-1,
CGA-1,3004766,CGA-1,
GOB-16,3004808,GOB-16,
OXA-152,3001457,OXA-152,
OXA-271,3001727,OXA-271,
OXA-305,3001760,OXA-305,
OXA-412,3001603,OXA-412,
OXA-459,3003615,OXA-459,
ARL-5,3004738,ARL-5,
BKC-1,3004757,BKC-1,
GOB-2,3004809,GOB-2,
LAP-1,3004825,LAP-1,
OXA-153,3001458,OXA-153,
OXA-272,3001728,OXA-272,
OXA-306,3001761,OXA-306,
OXA-413,3001604,OXA-413,
OXA-460,3003616,OXA-460,
ARL-6,3004739,ARL-6,
ADC-114,3006292,ADC-114,
Mycobacterium tuberculosis ponA1 mutations conferring resistance to rifabutin,3004960,Mycobacterium tuberculosis ponA1 mutations conferring resistance to rifabutin,
BPU-1,3004759,BPU-1,
CIA-1,3004768,CIA-1,
GOB-3,3004810,GOB-3,
Mycobacterium tuberculosis nat mutations conferring resistance to isoniazid,3004930,Mycobacterium tuberculosis nat mutations conferring resistance to isoniazid,
OXA-154,3001459,OXA-154,
OXA-273,3001729,OXA-273,
OXA-414,3001605,OXA-414,
OXA-461,3003617,OXA-461,
AST-1,3004740,AST-1,
CIA-2,3004769,CIA-2,
GOB-4,3004811,GOB-4,
IMI-8,3003142,IMI-8,
OXA-155,3001460,OXA-155,
OXA-275,3001731,OXA-275,
OXA-308,3001763,OXA-308,
OXA-416,3001607,OXA-416,
OXA-464,3003620,OXA-464,
CIA-3,3004770,CIA-3,
GOB-5,3004812,GOB-5,
OXA-156,3001461,OXA-156,
OXA-276,3001732,OXA-276,
OXA-336,3001524,OXA-336,
OXA-430,3003121,OXA-430,
mphH,3004539,mphH,
OXA-417,3001608,OXA-417,
OXA-465,3003621,OXA-465,
CIA-4,3004771,CIA-4,
GOB-6,3004813,GOB-6,
CMY-135,3004778,CMY-135,
ADC-115,3006293,ADC-115,
ADC-163,3006335,ADC-163,
ADC-164,3006336,ADC-164,
PDC-258,3005281,PDC-258,
ADC-116,3006294,ADC-116,
CMY-136,3004854,CMY-136,
LEN-37,3004829,LEN-37,
LEN-34,3004840,LEN-34,
ADC-117,3006295,ADC-117,
TEM-231,3005262,TEM-231,
vmlR,3004476,vmlR,
DES-1,3004780,DES-1,
OXA-664,3004479,OXA-664,
OXA-665,3004478,OXA-665,
OXA-157,3001462,OXA-157,
OXA-274,3001730,OXA-274,
OXA-286,3001741,OXA-286,
OXA-277,3001733,OXA-277,
OXA-337,3001525,OXA-337,
OXA-663,3004489,OXA-663,
OXA-427,3003115,OXA-427,
OXA-466,3003622,OXA-466,
OXA-158,3001463,OXA-158,
Neisseria gonorrhoeae gyrB conferring resistance to zoliflodacin,3004859,Neisseria gonorrhoeae gyrB conferring resistance to zoliflodacin,
OXA-279,3001734,OXA-279,
OXA-339,3001527,OXA-339,
OXA-429,3003120,OXA-429,
OXA-470,3003626,OXA-470,
CKO-1,3004773,CKO-1,
GOB-7,3004814,GOB-7,
IMP-49,3003657,IMP-49,
LEN-25,3002479,LEN-25,
pgpB,3003920,pgpB,
SHV-4,3001063,SHV-4,
Neisseria gonorrhoeae PBP2 conferring resistance to beta-lactam antibiotics,3004832,Neisseria gonorrhoeae PBP2 conferring resistance to beta-lactam antibiotics,
OXA-724,3004837,OXA-724,
Burkholderia dolosa gyrA conferring resistance to fluoroquinolones,3004860,Burkholderia dolosa gyrA conferring resistance to fluoroquinolones,
NDM-15,3003663,NDM-15,
Mycobacterium tuberculosis whib7 mutations confer resistance to kanamycin,3004967,Mycobacterium tuberculosis whib7 mutations confer resistance to kanamycin,
Mycobacterium tuberculosis sigI mutations conferring resistance to isoniazid,3004932,Mycobacterium tuberculosis sigI mutations conferring resistance to isoniazid,
OXA-185,3001477,OXA-185,
OXA-280,3001735,OXA-280,
OXA-340,3001528,OXA-340,
OXA-471,3003627,OXA-471,
CME-1,3004775,CME-1,
CMY-132,3003652,CMY-132,
GOB-8,3004815,GOB-8,
IMP-52,3004823,IMP-52,
LEN-35,3004827,LEN-35,
NDM-19,3004862,NDM-19,
mphK,3004541,mphK,
Klebsiella pneumoniae OmpK37,3004122,Klebsiella pneumoniae OmpK37,
LEN-30,3004838,LEN-30,
Mycobacterium tuberculosis 16S rRNA mutation conferring resistance to capreomycin,3004853,Mycobacterium tuberculosis 16S rRNA mutation conferring resistance to capreomycin,
SCO-1,3004856,SCO-1,
TEM-232,3005263,TEM-232,
Neisseria gonorrhoeae PBP1 conferring resistance to beta-lactam antibiotics,3004833,Neisseria gonorrhoeae PBP1 conferring resistance to beta-lactam antibiotics,
Mycoplasma genitalium parC mutations confers resistance to Moxifloxacin,3004630,Mycoplasma genitalium parC mutations confers resistance to Moxifloxacin,
Neisseria gonorrhoeae 23S rRNA with mutation conferring resistance to azithromycin,3004836,Neisseria gonorrhoeae 23S rRNA with mutation conferring resistance to azithromycin,
Neisseria gonorrhoeae mtrR with mutation conferring resistance,3004851,Neisseria gonorrhoeae mtrR with mutation conferring resistance,
Neisseria gonorrhoeae pilQ gene conferring resistance to beta-lactam,3004835,Neisseria gonorrhoeae pilQ gene conferring resistance to beta-lactam,
Mycobacterium tuberculosis whib7 mutation conferring resistance to streptomycin,3004968,Mycobacterium tuberculosis whib7 mutation conferring resistance to streptomycin,
Mycobacterium tuberculosis Rv0565c mutation conferring resistance to ethionamide,3004955,Mycobacterium tuberculosis Rv0565c mutation conferring resistance to ethionamide,
ADC-68,3004493,ADC-68,
IMP-55,3004494,IMP-55,
IMP-56,3004495,IMP-56,
OXA-234,3001496,OXA-234,
OXA-281,3001736,OXA-281,
OXA-341,3001529,OXA-341,
OXA-431,3003124,OXA-431,
OXA-472,3003628,OXA-472,
CMH-1,3004777,CMH-1,
CMY-133,3003653,CMY-133,
KPC-24,3004496,KPC-24,
GOB-9,3004816,GOB-9,
LEN-36,3004828,LEN-36,
LEN-32,3004839,LEN-32,
NDM-18,3004861,NDM-18,
Mycobacterium tuberculosis ddlA mutations confer resistance to cycloserine,3004941,Mycobacterium tuberculosis ddlA mutations confer resistance to cycloserine,
Mycobacterium tuberculosis rpoC mutations confer resistance to rifampicin,3004994,Mycobacterium tuberculosis rpoC mutations confer resistance to rifampicin,
Mycobacterium tuberculosis rpoA mutations confer resistance to rifampicin,3004999,Mycobacterium tuberculosis rpoA mutations confer resistance to rifampicin,
OXA-252,3001501,OXA-252,
OXA-282,3001737,OXA-282,
OXA-342,3001530,OXA-342,
dfrB4,3004498,dfrB4,
OXA-432,3003125,OXA-432,
OXA-473,3003629,OXA-473,
PDC-438,3005275,PDC-438,
Mycobacterium tuberculosis ppsC mutations confer resistance to pyrazinamide,3004975,Mycobacterium tuberculosis ppsC mutations confer resistance to pyrazinamide,
Mycobacterium tuberculosis mshC mutations conferring resistance to ethionamide,3004934,Mycobacterium tuberculosis mshC mutations conferring resistance to ethionamide,
OXA-259,3001715,OXA-259,
OXA-283,3001738,OXA-283,
OXA-343,3001531,OXA-343,
OXA-433,3003126,OXA-433,
OXA-474,3003631,OXA-474,
LEN-38,3004841,LEN-38,
Mycobacterium tuberculosis ppsD mutations confer resistance to pyrazinamide,3004976,Mycobacterium tuberculosis ppsD mutations confer resistance to pyrazinamide,
Mycobacterium tuberculosis ahpC mutations confer resistance to isoniazid,3004921,Mycobacterium tuberculosis ahpC mutations confer resistance to isoniazid,
MCR-3.11,3004500,MCR-3.11,
MCR-6.1,3004501,MCR-6.1,
MCR-2.2,3004502,MCR-2.2,
MCR-3.6,3004503,MCR-3.6,
MCR-3.10,3004504,MCR-3.10,
MCR-3.5,3004505,MCR-3.5,
MCR-1.10,3004506,MCR-1.10,
MCR-1.9,3004507,MCR-1.9,
MCR-3.9,3004508,MCR-3.9,
MCR-3.8,3004509,MCR-3.8,
MCR-3.7,3004510,MCR-3.7,
MCR-3.2,3004511,MCR-3.2,
MCR-1.6,3004513,MCR-1.6,
MCR-1.3,3004514,MCR-1.3,
MCR-1.4,3004515,MCR-1.4,
MCR-7.1,3004517,MCR-7.1,
Mycobacterium tuberculosis ald mutations confer resistance to cycloserine,3004945,Mycobacterium tuberculosis ald mutations confer resistance to cycloserine,
OXA-260,3001716,OXA-260,
OXA-284,3001739,OXA-284,
OXA-344,3001532,OXA-344,
OXA-437,3003593,OXA-437,
OXA-475,3003632,OXA-475,
DHA-9,3002140,DHA-9,
LEN-39,3004842,LEN-39,
NDM-21,3004864,NDM-21,
Mycobacterium tuberculosis fabG1 mutations confer resistance to isoniazid,3004922,Mycobacterium tuberculosis fabG1 mutations confer resistance to isoniazid,
Mycobacterium tuberculosis ubiA mutations confer resistance to ethambutol,3004950,Mycobacterium tuberculosis ubiA mutations confer resistance to ethambutol,
mphE,3003741,mphE,
PDC-284,3005276,PDC-284,
mphN,3004542,mphN,
mphO,3004543,mphO,
mphJ,3004544,mphJ,
Campylobacter jejuni 23S rRNA with mutation conferring resistance to erythromycin,3004546,Campylobacter jejuni 23S rRNA with mutation conferring resistance to erythromycin,
dfrA9,3004548,dfrA9,
ADC-119,3006296,ADC-119,
ADC-165,3006337,ADC-165,
ACT-34,3001854,ACT-34,
TEM-233,3005264,TEM-233,
tet(49),3004582,tet(49),
ADC-195,3006364,ADC-195,
dfrB5,3004549,dfrB5,
ADC-166,3006338,ADC-166,
tet(52),3004587,tet(52),
erm(32),3004592,erm(32),
ADC-196,3006365,ADC-196,
NDM-11,3002361,NDM-11,
dfrA6,3004547,dfrA6,
LEN-40,3004843,LEN-40,
dfrA27,3004550,dfrA27,
dfrA28,3004551,dfrA28,
dfrA30,3004552,dfrA30,
dfrA29,3004554,dfrA29,
dfrA32,3004555,dfrA32,
dfrB7,3004556,dfrB7,
Clostridioides difficile murG with mutation conferring resistance to vancomycin,3004561,Clostridioides difficile murG with mutation conferring resistance to vancomycin,
CAM-1,3004559,CAM-1,
dfrA18,3004568,dfrA18,
ICR-Mo,3004569,ICR-Mo,
PNGM-1,3004571,PNGM-1,
Acinetobacter baumannii AbaF,3004573,Acinetobacter baumannii AbaF,
Acinetobacter baumannii AbaQ,3004574,Acinetobacter baumannii AbaQ,
Acinetobacter baumannii AmvA,3004577,Acinetobacter baumannii AmvA,
Acinetobacter baumannii AbuO,3004578,Acinetobacter baumannii AbuO,
Klebsiella pneumoniae KpnE,3004580,Klebsiella pneumoniae KpnE,
tet(48),3004581,tet(48),
Klebsiella pneumoniae KpnF,3004583,Klebsiella pneumoniae KpnF,
tet(50),3004584,tet(50),
tet(51),3004586,tet(51),
tet(53),3004589,tet(53),
Erm(48),3004094,Erm(48),
tet(54),3004590,tet(54),
tet(55),3004591,tet(55),
TEM-227,3005258,TEM-227,
ACT-39,3006234,ACT-39,
erm(46),3004596,erm(46),
Klebsiella pneumoniae KpnG,3004588,Klebsiella pneumoniae KpnG,
Klebsiella pneumoniae KpnH,3004597,Klebsiella pneumoniae KpnH,
clcD,3004599,clcD,
OXA-285,3001740,OXA-285,
OXA-345,3001533,OXA-345,
OXA-438,3003594,OXA-438,
OXA-476,3003633,OXA-476,
ERP-1,3004782,ERP-1,
NDM-22,3004865,NDM-22,
Mycobacterium tuberculosis mas mutations confer resistance to pyrazinamide,3004978,Mycobacterium tuberculosis mas mutations confer resistance to pyrazinamide,
Mycobacterium tuberculosis furA mutations confer resistance to isoniazid,3004923,Mycobacterium tuberculosis furA mutations confer resistance to isoniazid,
tet(57),3005006,tet(57),
TEM-181,3001044,TEM-181,
qacE,3005009,qacE,
qacEdelta1,3005010,qacEdelta1,
IDC-1,3005012,IDC-1,
IDC-2,3005013,IDC-2,
VMB-1,3005015,VMB-1,
APH(3')-VIb,3002653,APH(3')-VIb,
CMY-150,3005016,CMY-150,
LMB-1,3005018,LMB-1,
IMP-68,3005019,IMP-68,
FosL1,3005024,FosL1,
cfr(D),3005021,cfr(D),
FRI-4,3005027,FRI-4,
FRI-5,3005028,FRI-5,
FRI-6,3005029,FRI-6,
FRI-7,3005030,FRI-7,
FRI-8,3005031,FRI-8,
FRI-9,3005032,FRI-9,
FLC-1,3005033,FLC-1,
CTX-M-161,3003169,CTX-M-161,
CTX-M-162,3003646,CTX-M-162,
CTX-M-163,3003647,CTX-M-163,
CTX-M-164,3003648,CTX-M-164,
CTX-M-165,3003649,CTX-M-165,
CTX-M-166,3003650,CTX-M-166,
ADC-159,3005037,ADC-159,
PDC-65,3005038,PDC-65,
PDC-55,3005039,PDC-55,
YajC,3005040,YajC,
ADC-197,3006366,ADC-197,
cmlA9,3005043,cmlA9,
OmpA,3005044,OmpA,
SatA,3005045,SatA,
BLMT,3005036,BLMT,
MecC-type methicillin resistance repressor MecI,3005046,MecC-type methicillin resistance repressor MecI,
eptB,3005047,eptB,
ROB-3,3005073,ROB-3,
CrcB,3005049,CrcB,
LpsB,3005051,LpsB,
LpsA,3005052,LpsA,
ArnT,3005053,ArnT,
mlaD,3005042,mlaD,
mlaF,3005041,mlaF,
LptD,3005059,LptD,
OXA-837,3005060,OXA-837,
AAC(3)-IVb,3005061,AAC(3)-IVb,
ANT(3'')-Ib,3005062,ANT(3'')-Ib,
cprR,3005063,cprR,
cprS,3005064,cprS,
ParS,3005067,ParS,
ParR,3005068,ParR,
rsmA,3005069,rsmA,
ROB-4,3005074,ROB-4,
ROB-5,3005075,ROB-5,
ROB-6,3005076,ROB-6,
ROB-7,3005077,ROB-7,
ROB-8,3005078,ROB-8,
ROB-10,3005080,ROB-10,
Thermus thermophilus uL3 mutations conferring resistance to pleuromutilin antibiotics,3005081,Thermus thermophilus uL3 mutations conferring resistance to pleuromutilin antibiotics,
Thermus thermophilus 23s rRNA conferring resistance to pleuromutilin antibiotics,3005083,Thermus thermophilus 23s rRNA conferring resistance to pleuromutilin antibiotics,
dfrA31,3005084,dfrA31,
AAC(3)-IIg,3005085,AAC(3)-IIg,
tet(X5),3005057,tet(X5),
ROB-2,3005079,ROB-2,
msrF,3005087,msrF,
msrH,3005088,msrH,
mef(D),3005089,mef(D),
RanB,3005090,RanB,
RanA,3005091,RanA,
OXA-899,3005093,OXA-899,
OXA-898,3005094,OXA-898,
GPC-1,3005096,GPC-1,
mecC-type BlaZ,3005097,mecC-type BlaZ,
qacH,3003836,qacH,
qacL,3005098,qacL,
23S rRNA (adenine(2058)-N(6))-methyltransferase Erm(A),3005099,23S rRNA (adenine(2058)-N(6))-methyltransferase Erm(A),
FosB2,3005100,FosB2,
PDC-63,3005124,PDC-63,
PDC-57,3005125,PDC-57,
Mycobacterium tuberculosis katG mutations conferring resistance to prothionamide,3005102,Mycobacterium tuberculosis katG mutations conferring resistance to prothionamide,
Mycobacterium tuberculosis ethA mutations conferring resistance to isoniazid,3005105,Mycobacterium tuberculosis ethA mutations conferring resistance to isoniazid,
Mycobacterium tuberculosis ethA mutations conferring resistance to prothionamide,3005106,Mycobacterium tuberculosis ethA mutations conferring resistance to prothionamide,
Mycobacterium tuberculosis mshA mutations conferring resistance to prothionamide,3005108,Mycobacterium tuberculosis mshA mutations conferring resistance to prothionamide,
blaS1,3005111,blaS1,
AAC(6')-Ib-cr3,3005112,AAC(6')-Ib-cr3,
AAC(6')-Ib-cr4,3005114,AAC(6')-Ib-cr4,
AAC(6')-Ib-cr5,3005115,AAC(6')-Ib-cr5,
AAC(6')-Ib-cr6,3005116,AAC(6')-Ib-cr6,
AAC(6')-Ib-cr7,3005117,AAC(6')-Ib-cr7,
AAC(6')-Ib-cr8,3005118,AAC(6')-Ib-cr8,
AAC(6')-Ib-cr9,3005119,AAC(6')-Ib-cr9,
PDC-68,3005122,PDC-68,
PDC-70,3005123,PDC-70,
PDC-66,3005126,PDC-66,
PDC-14,3005127,PDC-14,
PDC-47,3005128,PDC-47,
PDC-51,3005129,PDC-51,
OXA-846,3005130,OXA-846,
NDM-29,3005131,NDM-29,
PDC-11,3005132,PDC-11,
PDC-62,3005133,PDC-62,
PDC-43,3005134,PDC-43,
PDC-54,3005135,PDC-54,
OXA-906,3005136,OXA-906,
PDC-59,3005137,PDC-59,
OXA-850,3005138,OXA-850,
PDC-67,3005139,PDC-67,
PDC-56,3005140,PDC-56,
PDC-52,3005141,PDC-52,
PDC-44,3005142,PDC-44,
PDC-240,3005143,PDC-240,
ADC-167,3006339,ADC-167,
PDC-61,3005144,PDC-61,
PDC-45,3005145,PDC-45,
PDC-49,3005146,PDC-49,
PDC-50,3005147,PDC-50,
PDC-48,3005148,PDC-48,
PAC-1,3005150,PAC-1,
PDC-53,3005151,PDC-53,
PDC-72,3005152,PDC-72,
PDC-69,3005153,PDC-69,
TEM-228,3005259,TEM-228,
PDC-23,3005155,PDC-23,
PDC-28,3005156,PDC-28,
PDC-41,3005157,PDC-41,
OXA-668,3005158,OXA-668,
OXA-818,3005159,OXA-818,
OXA-812,3005160,OXA-812,
PDC-105,3005277,PDC-105,
Staphylococcus aureus LmrS,3004572,Staphylococcus aureus LmrS,
FosA7.5,3005162,FosA7.5,
dfrA35,3005164,dfrA35,
CMY-134,3003654,CMY-134,
CMY-143,3005204,CMY-143,
CMY-107,3002119,CMY-107,
CMY-158,3005176,CMY-158,
CMY-173,3005177,CMY-173,
CMY-147,3005180,CMY-147,
CMY-146,3005181,CMY-146,
CMY-156,3005182,CMY-156,
CMY-160,3005183,CMY-160,
CMY-162,3005184,CMY-162,
CMY-140,3005185,CMY-140,
CMY-164,3005186,CMY-164,
ADC-101,3006281,ADC-101,
CMY-161,3005187,CMY-161,
CMY-165,3005188,CMY-165,
CMY-166,3005189,CMY-166,
CMY-149,3005190,CMY-149,
CMY-139,3005191,CMY-139,
CMY-148,3005192,CMY-148,
CMY-163,3005193,CMY-163,
CMY-154,3005194,CMY-154,
CMY-142,3005195,CMY-142,
CMY-141,3005196,CMY-141,
CMY-124,3003132,CMY-124,
CMY-125,3003133,CMY-125,
CMY-145,3005197,CMY-145,
CMY-122,3003130,CMY-122,
CMY-157,3005198,CMY-157,
CMY-171,3005199,CMY-171,
CMY-155,3005200,CMY-155,
CMY-96,3002109,CMY-96,
SHV-205,3005207,SHV-205,
SHV-222,3005208,SHV-222,
SHV-198,3005209,SHV-198,
SHV-195,3005210,SHV-195,
SHV-201,3005211,SHV-201,
SHV-212,3005212,SHV-212,
SHV-204,3005213,SHV-204,
SHV-197,3005214,SHV-197,
SHV-216,3005215,SHV-216,
CMY-121,3003129,CMY-121,
ADC-168,3006340,ADC-168,
ADC-169,3006341,ADC-169,
ADC-170,3006342,ADC-170,
CMY-152,3005216,CMY-152,
CMY-97,3002110,CMY-97,
CMY-151,3005217,CMY-151,
CMY-128,3003136,CMY-128,
CMY-129,3003137,CMY-129,
TEM-229,3005260,TEM-229,
TEM-230,3005261,TEM-230,
CMY-127,3003135,CMY-127,
CMY-89,3002102,CMY-89,
CMY-153,3005218,CMY-153,
CMY-130,3003138,CMY-130,
ACT-40,3006235,ACT-40,
CMY-144,3005219,CMY-144,
CMY-138,3005220,CMY-138,
OXA-544,3005222,OXA-544,
SHV-194,3005223,SHV-194,
SHV-220,3005224,SHV-220,
SHV-210,3005225,SHV-210,
SHV-208,3005226,SHV-208,
SHV-206,3005227,SHV-206,
SHV-226,3005228,SHV-226,
SHV-196,3005229,SHV-196,
SHV-211,3005230,SHV-211,
SHV-219,3005231,SHV-219,
SHV-199,3005232,SHV-199,
SHV-227,3005233,SHV-227,
SHV-223,3005234,SHV-223,
SHV-214,3005235,SHV-214,
SHV-207,3005236,SHV-207,
SHV-1b-b,3005237,SHV-1b-b,
SHV-218,3005238,SHV-218,
SHV-193,3005239,SHV-193,
SHV-224,3005240,SHV-224,
SHV-225,3005241,SHV-225,
SHV-209,3005242,SHV-209,
SHV-215,3005243,SHV-215,
ADC-181,3005244,ADC-181,
ADC-182,3005245,ADC-182,
ADC-183,3005246,ADC-183,
SHV-228,3005247,SHV-228,
SHV-200,3005248,SHV-200,
SHV-203,3005249,SHV-203,
SHV-217,3005250,SHV-217,
SHV-213,3005251,SHV-213,
SHV-221,3005252,SHV-221,
SHV-202,3005253,SHV-202,
TEM-5,3000877,TEM-5,
ADC-171,3006343,ADC-171,
ADC-172,3006344,ADC-172,
TEM-9,3000881,TEM-9,
TEM-31,3000901,TEM-31,
TEM-32,3000902,TEM-32,
TEM-35,3000905,TEM-35,
TEM-36,3000906,TEM-36,
TEM-37,3000907,TEM-37,
TEM-39,3000909,TEM-39,
TEM-210,3001387,TEM-210,
TEM-212,3001389,TEM-212,
TEM-224,3005255,TEM-224,
TEM-225,3005256,TEM-225,
TEM-226,3005257,TEM-226,
TEM-234,3005265,TEM-234,
TEM-235,3005266,TEM-235,
TEM-236,3005267,TEM-236,
TEM-237,3005268,TEM-237,
TEM-238,3005269,TEM-238,
TEM-240,3005270,TEM-240,
TEM-241,3005271,TEM-241,
TEM-242,3005272,TEM-242,
TEM-243,3005273,TEM-243,
PDC-225,3005274,PDC-225,
PDC-413,3005282,PDC-413,
PDC-264,3005284,PDC-264,
PDC-201,3005285,PDC-201,
PDC-346,3005286,PDC-346,
PDC-285,3005287,PDC-285,
PDC-337,3005288,PDC-337,
PDC-212,3005289,PDC-212,
PDC-352,3005290,PDC-352,
PDC-464,3005291,PDC-464,
PDC-19b,3005292,PDC-19b,
PDC-380,3005293,PDC-380,
PDC-461,3005294,PDC-461,
PDC-19a,3005295,PDC-19a,
PDC-272,3005296,PDC-272,
PDC-255,3005297,PDC-255,
PDC-293,3005298,PDC-293,
PDC-183,3005299,PDC-183,
PDC-207,3005300,PDC-207,
PDC-306,3005301,PDC-306,
PDC-376,3005302,PDC-376,
PDC-117,3005303,PDC-117,
PDC-231,3005304,PDC-231,
PDC-104,3005305,PDC-104,
PDC-173,3005306,PDC-173,
PDC-292,3005307,PDC-292,
PDC-393,3005308,PDC-393,
PDC-119,3005309,PDC-119,
PDC-313,3005310,PDC-313,
PDC-257,3005311,PDC-257,
PDC-429,3005312,PDC-429,
PDC-449,3005313,PDC-449,
OXA-540,3005314,OXA-540,
OXA-779,3005315,OXA-779,
OXA-838,3005316,OXA-838,
OXA-539,3005317,OXA-539,
OXA-543,3005318,OXA-543,
OXA-681,3005319,OXA-681,
OXA-737,3005320,OXA-737,
OXA-541,3005321,OXA-541,
OXA-835,3005322,OXA-835,
OXA-926,3005323,OXA-926,
KPC-39,3005371,KPC-39,
OXA-570,3005324,OXA-570,
OXA-573,3005325,OXA-573,
OXA-571,3005326,OXA-571,
OXA-672,3005327,OXA-672,
OXA-671,3005328,OXA-671,
OXA-673,3005329,OXA-673,
OXA-931,3005330,OXA-931,
OXA-930,3005331,OXA-930,
ADC-198,3006367,ADC-198,
ADC-199,3006368,ADC-199,
OXA-895,3005332,OXA-895,
OXA-641,3005333,OXA-641,
Trimethoprim-resistant dihydrofolate reductase DfrA42,3005334,Trimethoprim-resistant dihydrofolate reductase DfrA42,
OXA-496,3005335,OXA-496,
OXA-915,3005336,OXA-915,
OXA-648,3005338,OXA-648,
OXA-646,3005339,OXA-646,
OXA-649,3005340,OXA-649,
OXA-897,3005341,OXA-897,
OXA-653,3005342,OXA-653,
OXA-499,3005343,OXA-499,
OXA-825,3005344,OXA-825,
Trimethoprim-resistant dihydrofolate reductase DfrA43,3005345,Trimethoprim-resistant dihydrofolate reductase DfrA43,
DfrA34,3005346,DfrA34,
DfrA37,3005347,DfrA37,
DfrA36,3005348,DfrA36,
DfrA38,3005349,DfrA38,
DfrB9,3005350,DfrB9,
ADC-102,3006282,ADC-102,
ADC-103,3006283,ADC-103,
DfrA39,3005351,DfrA39,
dfr22,3005354,dfr22,
KPC-23,3005356,KPC-23,
KPC-25,3005357,KPC-25,
KPC-26,3005358,KPC-26,
KPC-18,3002328,KPC-18,
KPC-27,3005359,KPC-27,
KPC-29,3005360,KPC-29,
KPC-28,3005361,KPC-28,
KPC-31,3005362,KPC-31,
KPC-32,3005363,KPC-32,
KPC-30,3005364,KPC-30,
KPC-33,3005365,KPC-33,
KPC-34,3005366,KPC-34,
KPC-35,3005367,KPC-35,
KPC-36,3005368,KPC-36,
KPC-37,3005369,KPC-37,
KPC-38,3005370,KPC-38,
KPC-40,3005372,KPC-40,
KPC-41,3005373,KPC-41,
KPC-42,3005374,KPC-42,
KPC-43,3005375,KPC-43,
KPC-45,3005376,KPC-45,
KPC-46,3005377,KPC-46,
KPC-49,3005378,KPC-49,
KPC-50,3005379,KPC-50,
ADC-200,3006369,ADC-200,
ADC-201,3006370,ADC-201,
KPC-51,3005380,KPC-51,
KPC-52,3005381,KPC-52,
KPC-54,3005382,KPC-54,
KPC-55,3005383,KPC-55,
KPC-56,3005384,KPC-56,
KPC-57,3005385,KPC-57,
AAK-1,3006863,AAK-1,
ACC-1a,3006228,ACC-1a,
ACC-1b,3006229,ACC-1b,
ACC-1c,3006230,ACC-1c,
ACC-1d,3006231,ACC-1d,
ACC-7,3006232,ACC-7,
ACC-8,3006233,ACC-8,
ACT-45,3006240,ACT-45,
ACT-46,3006241,ACT-46,
ACT-47,3006242,ACT-47,
ACT-48,3006243,ACT-48,
ACT-49,3006244,ACT-49,
ACT-50,3006245,ACT-50,
ACT-51,3006246,ACT-51,
ACT-52,3006247,ACT-52,
ACT-53,3006248,ACT-53,
ACT-54,3006249,ACT-54,
ACT-55,3006250,ACT-55,
ACT-56,3006251,ACT-56,
ACT-57,3006252,ACT-57,
ACT-58,3006253,ACT-58,
ACT-59,3006254,ACT-59,
ACT-60,3006255,ACT-60,
ACT-61,3006256,ACT-61,
ACT-62,3006257,ACT-62,
ACT-63,3006258,ACT-63,
ACT-64,3006259,ACT-64,
ACT-65,3006260,ACT-65,
ACT-66,3006261,ACT-66,
ACT-67,3006262,ACT-67,
ACT-68,3006263,ACT-68,
ACT-69,3006264,ACT-69,
ACT-70,3006265,ACT-70,
ACT-72,3006266,ACT-72,
ACT-73,3006267,ACT-73,
ACT-74,3006268,ACT-74,
ACT-75,3006269,ACT-75,
ACT-76,3006270,ACT-76,
ACT-77,3006271,ACT-77,
ACT-78,3006272,ACT-78,
ACT-79,3006273,ACT-79,
ACT-80,3006274,ACT-80,
ACT-81,3006275,ACT-81,
ACT-82,3006276,ACT-82,
ACT-83,3006277,ACT-83,
ACT-84,3006278,ACT-84,
ACT-87,3006279,ACT-87,
ADC-100,3006280,ADC-100,
ADC-120,3006297,ADC-120,
ADC-121,3006298,ADC-121,
ADC-122,3006299,ADC-122,
ADC-123,3006300,ADC-123,
ADC-125,3006301,ADC-125,
ADC-127,3006302,ADC-127,
ADC-128,3006303,ADC-128,
ADC-129,3006304,ADC-129,
ADC-130,3006305,ADC-130,
ADC-131,3006306,ADC-131,
ADC-132,3006307,ADC-132,
ADC-133,3006308,ADC-133,
ADC-134,3006309,ADC-134,
ADC-135,3006310,ADC-135,
ADC-136,3006311,ADC-136,
ADC-137,3006312,ADC-137,
ADC-138,3006313,ADC-138,
ADC-139,3006314,ADC-139,
ADC-140,3006315,ADC-140,
ADC-141,3006316,ADC-141,
ADC-143,3006317,ADC-143,
ADC-144,3006318,ADC-144,
ADC-145,3006319,ADC-145,
ADC-146,3006320,ADC-146,
ADC-147,3006321,ADC-147,
ADC-148,3006322,ADC-148,
ADC-149,3006323,ADC-149,
ADC-150,3006324,ADC-150,
ADC-151,3006325,ADC-151,
ADC-152,3006326,ADC-152,
ADC-153,3006327,ADC-153,
ADC-154,3006328,ADC-154,
ADC-155,3006329,ADC-155,
ADC-173,3006345,ADC-173,
ADC-174,3006346,ADC-174,
ADC-175,3006347,ADC-175,
ADC-176,3006348,ADC-176,
ADC-177,3006349,ADC-177,
ADC-178,3006350,ADC-178,
ADC-179,3006351,ADC-179,
ADC-180,3006352,ADC-180,
ADC-184,3006353,ADC-184,
ADC-185,3006354,ADC-185,
ADC-186,3006355,ADC-186,
ADC-187,3006356,ADC-187,
ADC-202,3006371,ADC-202,
ADC-203,3006372,ADC-203,
ADC-204,3006373,ADC-204,
ADC-205,3006374,ADC-205,
ADC-206,3006375,ADC-206,
ADC-207,3006376,ADC-207,
ADC-208,3006377,ADC-208,
ADC-209,3006378,ADC-209,
ADC-210,3006379,ADC-210,
ADC-211,3006380,ADC-211,
ADC-212,3006381,ADC-212,
ADC-213,3006382,ADC-213,
ADC-214,3006383,ADC-214,
ADC-215,3006384,ADC-215,
ADC-216,3006385,ADC-216,
ADC-217,3006386,ADC-217,
ADC-218,3006387,ADC-218,
ADC-219,3006388,ADC-219,
ADC-220,3006389,ADC-220,
ADC-221,3006390,ADC-221,
ADC-222,3006391,ADC-222,
ADC-223,3006392,ADC-223,
ADC-224,3006393,ADC-224,
ADC-225,3006394,ADC-225,
ADC-226,3006395,ADC-226,
ADC-227,3006396,ADC-227,
ADC-228,3006397,ADC-228,
ADC-229,3006398,ADC-229,
ADC-230,3006399,ADC-230,
ADC-231,3006400,ADC-231,
ADC-232,3006401,ADC-232,
ADC-233,3006402,ADC-233,
ADC-234,3006403,ADC-234,
ADC-235,3006404,ADC-235,
ADC-236,3006405,ADC-236,
ADC-237,3006406,ADC-237,
ADC-238,3006407,ADC-238,
ADC-239,3006408,ADC-239,
ADC-24,3006409,ADC-24,
ADC-240,3006410,ADC-240,
ADC-241,3006411,ADC-241,
ADC-242,3006412,ADC-242,
ADC-243,3006413,ADC-243,
ADC-244,3006414,ADC-244,
ADC-245,3006415,ADC-245,
ADC-246,3006416,ADC-246,
ADC-247,3006417,ADC-247,
ADC-248,3006418,ADC-248,
ADC-249,3006419,ADC-249,
ADC-250,3006420,ADC-250,
ADC-251,3006421,ADC-251,
ADC-252,3006422,ADC-252,
ADC-253,3006423,ADC-253,
ADC-254,3006424,ADC-254,
ADC-255,3006425,ADC-255,
ADC-256,3006426,ADC-256,
ADC-29,3006427,ADC-29,
ADC-32,3006428,ADC-32,
ADC-33,3006429,ADC-33,
ADC-38,3006430,ADC-38,
ADC-51,3006431,ADC-51,
ADC-52,3006432,ADC-52,
ADC-53,3006433,ADC-53,
ADC-54,3006434,ADC-54,
ADC-57,3006435,ADC-57,
ADC-63,3006436,ADC-63,
ADC-65,3006437,ADC-65,
ADC-66,3006438,ADC-66,
ADC-70,3006439,ADC-70,
ADC-80,3003886,ADC-80,
ADC-83,3006440,ADC-83,
ADC-84,3006441,ADC-84,
ADC-85,3006442,ADC-85,
ADC-86,3006443,ADC-86,
ADC-87,3006444,ADC-87,
ADC-88,3006445,ADC-88,
ADC-89,3006446,ADC-89,
ADC-90,3006447,ADC-90,
ADC-91,3006448,ADC-91,
ADC-92,3006449,ADC-92,
ADC-93,3006450,ADC-93,
ADC-94,3006451,ADC-94,
ADC-95,3006452,ADC-95,
ADC-96,3006453,ADC-96,
ADC-97,3006454,ADC-97,
ADC-98,3006455,ADC-98,
ADC-99,3006456,ADC-99,
AFM-1,3006890,AFM-1,
AFM-2,3006891,AFM-2,
ALG11-1,3006892,ALG11-1,
ALG6-1,3006893,ALG6-1,
ALI-1,3006894,ALI-1,
ALI-2,3006895,ALI-2,
ANA-1,3006896,ANA-1,
AXC-1,3006897,AXC-1,
AXC-2,3006898,AXC-2,
AXC-3,3006899,AXC-3,
AXC-4,3006900,AXC-4,
AXC-5,3006901,AXC-5,
BEL-4,3006154,BEL-4,
BKC-2,3006223,BKC-2,
BlaB-1,3005522,BlaB-1,
BlaB-10,3005523,BlaB-10,
BlaB-11,3005524,BlaB-11,
BlaB-12,3005525,BlaB-12,
BlaB-13,3005526,BlaB-13,
BlaB-14,3005527,BlaB-14,
BlaB-15,3005528,BlaB-15,
BlaB-16,3005529,BlaB-16,
BlaB-17,3005530,BlaB-17,
BlaB-18,3005531,BlaB-18,
BlaB-19,3005532,BlaB-19,
BlaB-2,3005533,BlaB-2,
BlaB-20,3005534,BlaB-20,
BlaB-22,3005535,BlaB-22,
BlaB-23,3005536,BlaB-23,
BlaB-24,3005537,BlaB-24,
BlaB-25,3005538,BlaB-25,
BlaB-26,3005539,BlaB-26,
BlaB-27,3005540,BlaB-27,
BlaB-28,3005541,BlaB-28,
BlaB-29,3005542,BlaB-29,
BlaB-3,3005543,BlaB-3,
BlaB-30,3005544,BlaB-30,
BlaB-31,3005545,BlaB-31,
BlaB-32,3005546,BlaB-32,
BlaB-33,3005547,BlaB-33,
BlaB-34,3005548,BlaB-34,
BlaB-35,3005549,BlaB-35,
BlaB-36,3005550,BlaB-36,
BlaB-38,3005551,BlaB-38,
BlaB-39,3005552,BlaB-39,
BlaB-5,3005553,BlaB-5,
BlaB-6,3005554,BlaB-6,
BlaB-7,3005555,BlaB-7,
BlaB-8,3005556,BlaB-8,
BlaB-9,3005557,BlaB-9,
BSU-1,3006902,BSU-1,
BUT-2,3005558,BUT-2,
CAR-1,3006903,CAR-1,
CARB-11,3005559,CARB-11,
CARB-24,3005560,CARB-24,
CARB-25,3005561,CARB-25,
CARB-26,3005562,CARB-26,
CARB-27,3005563,CARB-27,
CARB-28,3005564,CARB-28,
CARB-29,3005565,CARB-29,
CARB-30,3005566,CARB-30,
CARB-31,3005567,CARB-31,
CARB-32,3005568,CARB-32,
CARB-33,3005569,CARB-33,
CARB-34,3005570,CARB-34,
CARB-35,3005571,CARB-35,
CARB-36,3005572,CARB-36,
CARB-38,3005573,CARB-38,
CARB-40,3005574,CARB-40,
CARB-41,3005575,CARB-41,
CARB-42,3005576,CARB-42,
CARB-43,3005577,CARB-43,
CARB-44,3005578,CARB-44,
CARB-45,3005579,CARB-45,
CARB-46,3005580,CARB-46,
CARB-47,3005581,CARB-47,
CARB-48,3005582,CARB-48,
CARB-49,3005583,CARB-49,
CARB-50,3005584,CARB-50,
CARB-51,3005585,CARB-51,
CARB-52,3005586,CARB-52,
CARB-53,3005587,CARB-53,
CARB-54,3005588,CARB-54,
CARB-55,3005589,CARB-55,
CDD-1,3006904,CDD-1,
CDD-2,3006905,CDD-2,
CepA-29,3006224,CepA-29,
CepA-44,3006225,CepA-44,
CepA-49,3006226,CepA-49,
CfiA10,3006906,CfiA10,
CfiA11,3006907,CfiA11,
CfiA14,3006908,CfiA14,
CfiA17,3006909,CfiA17,
CfiA18,3006910,CfiA18,
CfiA19,3006911,CfiA19,
CfiA2,3006912,CfiA2,
CfiA21,3006913,CfiA21,
CfiA22,3006914,CfiA22,
CfiA23,3006915,CfiA23,
CfiA24,3006916,CfiA24,
CfiA26,3006917,CfiA26,
CfiA27,3006918,CfiA27,
CfiA4,3006919,CfiA4,
CfiA8,3006920,CfiA8,
CfiA9,3006921,CfiA9,
CMA-1,3006922,CMA-1,
CMA-2,3006923,CMA-2,
CME-2,3006155,CME-2,
CMH-2,3006854,CMH-2,
CMH-3,3006855,CMH-3,
CMH-4,3006856,CMH-4,
CMH-5,3006857,CMH-5,
CMH-6,3006858,CMH-6,
CMY-106,3002118,CMY-106,
CMY-109,3002121,CMY-109,
CMY-131,3003170,CMY-131,
CMY-137,3006457,CMY-137,
CMY-159,3006458,CMY-159,
CMY-167,3006459,CMY-167,
CMY-168,3006460,CMY-168,
CMY-169,3006461,CMY-169,
CMY-170,3006462,CMY-170,
CMY-174,3006463,CMY-174,
CMY-8b,3006464,CMY-8b,
CRD3-1,3006864,CRD3-1,
CRH-1,3006865,CRH-1,
CRH-2,3006866,CRH-2,
CRH-3,3006867,CRH-3,
CRP-1,3006868,CRP-1,
CSA-1,3006869,CSA-1,
CSA-2,3006870,CSA-2,
CSP-1,3006871,CSP-1,
CTX-M-127,3001986,CTX-M-127,
CTX-M-138,3001996,CTX-M-138,
CTX-M-140,3001998,CTX-M-140,
CTX-M-143,3002001,CTX-M-143,
CTX-M-146,3002004,CTX-M-146,
CTX-M-150,3002007,CTX-M-150,
CTX-M-153,3002010,CTX-M-153,
CTX-M-154,3002011,CTX-M-154,
CTX-M-167,3005590,CTX-M-167,
CTX-M-168,3005591,CTX-M-168,
CTX-M-169,3005592,CTX-M-169,
CTX-M-170,3005593,CTX-M-170,
CTX-M-171,3005594,CTX-M-171,
CTX-M-172,3005595,CTX-M-172,
CTX-M-173,3005596,CTX-M-173,
CTX-M-174,3005597,CTX-M-174,
CTX-M-175,3005598,CTX-M-175,
CTX-M-176,3005599,CTX-M-176,
CTX-M-177,3005600,CTX-M-177,
CTX-M-178,3005601,CTX-M-178,
CTX-M-179,3005602,CTX-M-179,
CTX-M-180,3005603,CTX-M-180,
CTX-M-181,3005604,CTX-M-181,
CTX-M-182,3005605,CTX-M-182,
CTX-M-183,3005606,CTX-M-183,
CTX-M-184,3005607,CTX-M-184,
CTX-M-185,3005608,CTX-M-185,
CTX-M-186,3005609,CTX-M-186,
CTX-M-187,3005610,CTX-M-187,
CTX-M-188,3005611,CTX-M-188,
CTX-M-189,3005612,CTX-M-189,
CTX-M-190,3005613,CTX-M-190,
CTX-M-191,3005614,CTX-M-191,
CTX-M-192,3005615,CTX-M-192,
CTX-M-193,3005616,CTX-M-193,
CTX-M-194,3005617,CTX-M-194,
CTX-M-195,3005618,CTX-M-195,
CTX-M-196,3005619,CTX-M-196,
CTX-M-197,3005620,CTX-M-197,
CTX-M-198,3005621,CTX-M-198,
CTX-M-199,3005622,CTX-M-199,
CTX-M-200,3005623,CTX-M-200,
CTX-M-201,3005624,CTX-M-201,
CTX-M-202,3005625,CTX-M-202,
CTX-M-203,3005626,CTX-M-203,
CTX-M-204,3005627,CTX-M-204,
CTX-M-205,3005628,CTX-M-205,
CTX-M-206,3005629,CTX-M-206,
CTX-M-207,3005630,CTX-M-207,
CTX-M-208,3005631,CTX-M-208,
CTX-M-209,3005632,CTX-M-209,
CTX-M-210,3005633,CTX-M-210,
CTX-M-211,3005634,CTX-M-211,
CTX-M-212,3005635,CTX-M-212,
CTX-M-213,3005636,CTX-M-213,
CTX-M-214,3005637,CTX-M-214,
CTX-M-215,3005638,CTX-M-215,
CTX-M-216,3005639,CTX-M-216,
CTX-M-217,3005640,CTX-M-217,
CTX-M-218,3005641,CTX-M-218,
CTX-M-219,3005642,CTX-M-219,
CTX-M-220,3005643,CTX-M-220,
CTX-M-221,3005644,CTX-M-221,
CTX-M-222,3005645,CTX-M-222,
CTX-M-223,3005646,CTX-M-223,
CTX-M-224,3005647,CTX-M-224,
CTX-M-225,3005648,CTX-M-225,
CTX-M-226,3005649,CTX-M-226,
CTX-M-227,3005650,CTX-M-227,
CTX-M-228,3005651,CTX-M-228,
CTX-M-229,3005652,CTX-M-229,
CTX-M-230,3005653,CTX-M-230,
CTX-M-231,3005654,CTX-M-231,
CTX-M-232,3005655,CTX-M-232,
CTX-M-233,3005656,CTX-M-233,
CTX-M-234,3005657,CTX-M-234,
CTX-M-235,3005658,CTX-M-235,
CTX-M-236,3005659,CTX-M-236,
CTX-M-237,3005660,CTX-M-237,
CTX-M-238,3005661,CTX-M-238,
CTX-M-239,3005662,CTX-M-239,
CTX-M-240,3005663,CTX-M-240,
CTX-M-241,3005664,CTX-M-241,
CTX-M-242,3005665,CTX-M-242,
CTX-M-244,3005666,CTX-M-244,
CTX-M-73,3001934,CTX-M-73,
CTX-M-97,3005667,CTX-M-97,
CVI-1,3006924,CVI-1,
DHA-23,3002154,DHA-23,
DHA-24,3006465,DHA-24,
DHA-25,3006466,DHA-25,
DHA-26,3006467,DHA-26,
DHA-27,3006468,DHA-27,
DHA-28,3006469,DHA-28,
DHA-29,3006470,DHA-29,
DHA-4,3002137,DHA-4,
DHT2-1,3006872,DHT2-1,
EAM-1,3006873,EAM-1,
EBR-3,3005461,EBR-3,
EBR-4,3005462,EBR-4,
EC-13,3006874,EC-13,
EC-14,3006875,EC-14,
EC-15,3006876,EC-15,
EC-16,3006877,EC-16,
EC-18,3006878,EC-18,
EC-19,3006879,EC-19,
EC-5,3006880,EC-5,
EC-8,3006881,EC-8,
ECM-1,3006882,ECM-1,
ECV-1,3006883,ECV-1,
EFM-1,3006884,EFM-1,
ELM-1,3006885,ELM-1,
EVM-1,3006886,EVM-1,
FIA-1,3006887,FIA-1,
FOX-12,3002165,FOX-12,
FOX-13,3006471,FOX-13,
FOX-14,3006472,FOX-14,
FOX-15,3006473,FOX-15,
FOX-16,3006474,FOX-16,
FOX-17,3006475,FOX-17,
FRI-10,3006227,FRI-10,
GES-25,3003185,GES-25,
GES-27,3006156,GES-27,
GES-28,3006157,GES-28,
GES-29,3006158,GES-29,
GES-30,3006159,GES-30,
GES-31,3006160,GES-31,
GES-32,3006161,GES-32,
GES-33,3006162,GES-33,
GES-34,3006163,GES-34,
GES-35,3006164,GES-35,
GES-36,3006165,GES-36,
GES-37,3006166,GES-37,
GES-38,3006167,GES-38,
GES-39,3006168,GES-39,
GES-40,3006169,GES-40,
GES-41,3006170,GES-41,
GES-42,3006171,GES-42,
GES-43,3006172,GES-43,
GES-44,3006173,GES-44,
GES-45,3006174,GES-45,
GES-46,3006175,GES-46,
GIL-1,3006888,GIL-1,
GMB-1,3006889,GMB-1,
GOB-19,3005668,GOB-19,
GOB-20,3005669,GOB-20,
GOB-21,3005670,GOB-21,
GOB-22,3005671,GOB-22,
GOB-23,3005672,GOB-23,
GOB-24,3005673,GOB-24,
GOB-25,3005674,GOB-25,
GOB-26,3005675,GOB-26,
GOB-27,3005676,GOB-27,
GOB-28,3005677,GOB-28,
GOB-29,3005678,GOB-29,
GOB-30,3005679,GOB-30,
GOB-31,3005680,GOB-31,
GOB-32,3005681,GOB-32,
GOB-33,3005682,GOB-33,
GOB-34,3005683,GOB-34,
GOB-35,3005684,GOB-35,
GOB-36,3005685,GOB-36,
GOB-37,3005686,GOB-37,
GOB-38,3005687,GOB-38,
GOB-39,3005688,GOB-39,
GOB-40,3005689,GOB-40,
GOB-41,3005690,GOB-41,
GOB-42,3005691,GOB-42,
GOB-43,3005692,GOB-43,
GOB-44,3005693,GOB-44,
GOB-45,3005694,GOB-45,
GOB-46,3005695,GOB-46,
GOB-48,3005696,GOB-48,
GOB-49,3005697,GOB-49,
GOB-50,3005698,GOB-50,
GOB-51,3005699,GOB-51,
GRD23-1,3006925,GRD23-1,
GRD33-1,3006926,GRD33-1,
IMI-12,3006176,IMI-12,
IMI-13,3006177,IMI-13,
IMI-14,3006178,IMI-14,
IMI-15,3006179,IMI-15,
IMI-16,3006180,IMI-16,
IMI-17,3006181,IMI-17,
IMI-18,3006182,IMI-18,
IMI-19,3006183,IMI-19,
IMI-20,3006184,IMI-20,
IMI-21,3006185,IMI-21,
IMI-5,3001862,IMI-5,
IMI-6,3001863,IMI-6,
IMI-9,3003143,IMI-9,
IMP-17,3002208,IMP-17,
IMP-23,3002214,IMP-23,
IMP-39,3002230,IMP-39,
IMP-46,3002237,IMP-46,
IMP-53,3005463,IMP-53,
IMP-54,3005464,IMP-54,
IMP-58,3005465,IMP-58,
IMP-59,3005466,IMP-59,
IMP-60,3005467,IMP-60,
IMP-61,3005468,IMP-61,
IMP-62,3005469,IMP-62,
IMP-63,3005470,IMP-63,
IMP-64,3005471,IMP-64,
IMP-65,3005472,IMP-65,
IMP-66,3005473,IMP-66,
IMP-67,3005474,IMP-67,
IMP-69,3005475,IMP-69,
IMP-70,3005476,IMP-70,
IMP-71,3005477,IMP-71,
IMP-73,3005478,IMP-73,
IMP-74,3005479,IMP-74,
IMP-75,3005480,IMP-75,
IMP-76,3005481,IMP-76,
IMP-77,3005482,IMP-77,
IMP-78,3005483,IMP-78,
IMP-79,3005484,IMP-79,
IMP-80,3005485,IMP-80,
IMP-81,3005486,IMP-81,
IMP-82,3005487,IMP-82,
IMP-83,3005488,IMP-83,
IMP-84,3005489,IMP-84,
IMP-85,3005490,IMP-85,
IMP-88,3005491,IMP-88,
IMP-89,3005492,IMP-89,
IND-16,3005493,IND-16,
KLUC-1,3006927,KLUC-1,
KLUC-2,3006928,KLUC-2,
KLUC-3,3006929,KLUC-3,
KLUC-4,3006930,KLUC-4,
KLUC-5,3006931,KLUC-5,
KPC-21,3003145,KPC-21,
KPC-44,3006186,KPC-44,
KPC-58,3006187,KPC-58,
KPC-59,3006188,KPC-59,
KPC-60,3006189,KPC-60,
KPC-61,3006190,KPC-61,
KPC-62,3006191,KPC-62,
KPC-63,3006192,KPC-63,
KPC-64,3006193,KPC-64,
KPC-65,3006194,KPC-65,
KPC-66,3006195,KPC-66,
KPC-71,3006196,KPC-71,
KPC-72,3006197,KPC-72,
KPC-73,3006198,KPC-73,
KPC-74,3006199,KPC-74,
KPC-75,3006200,KPC-75,
KPC-76,3006201,KPC-76,
KPC-77,3006202,KPC-77,
KPC-78,3006203,KPC-78,
KPC-79,3006204,KPC-79,
KPC-80,3006205,KPC-80,
KPC-81,3006206,KPC-81,
KPC-82,3006207,KPC-82,
LEN-27,3006932,LEN-27,
LEN-28,3006933,LEN-28,
LEN-31,3006934,LEN-31,
LHK-1,3006935,LHK-1,
LHK-2,3006936,LHK-2,
LHK-3,3006937,LHK-3,
LHK-4,3006938,LHK-4,
LHK-5,3006939,LHK-5,
LHK-6,3006940,LHK-6,
LRG-1,3006941,LRG-1,
LUS-1,3006942,LUS-1,
LUT-1,3006943,LUT-1,
LUT-2,3006944,LUT-2,
LUT-3,3006945,LUT-3,
LUT-4,3006946,LUT-4,
LUT-5,3006947,LUT-5,
LUT-6,3006948,LUT-6,
MAL-1,3006949,MAL-1,
MAL-2,3006950,MAL-2,
MBL1b,3006951,MBL1b,
MIR-18,3003139,MIR-18,
MIR-19,3006859,MIR-19,
MIR-20,3006860,MIR-20,
MIR-21,3006861,MIR-21,
MIR-22,3006862,MIR-22,
MIR-7,3002172,MIR-7,
MOC-1,3006952,MOC-1,
MOR-2,3006953,MOR-2,
MOX-10,3003140,MOX-10,
MOX-11,3003141,MOX-11,
MOX-12,3006477,MOX-12,
MOX-13,3006478,MOX-13,
MOX-14,3006479,MOX-14,
MYO-1,3006954,MYO-1,
MYX-1,3006955,MYX-1,
NDM-26,3004869,NDM-26,
NDM-30,3005700,NDM-30,
NDM-31,3005701,NDM-31,
OHIO-1,3006956,OHIO-1,
OKP-A-17,3006141,OKP-A-17,
OKP-B-16,3006142,OKP-B-16,
OKP-B-21,3006143,OKP-B-21,
OKP-B-22,3006144,OKP-B-22,
OKP-B-23,3006145,OKP-B-23,
OKP-B-24,3006146,OKP-B-24,
OKP-B-34,3006147,OKP-B-34,
OKP-B-36,3006148,OKP-B-36,
OKP-B-40,3006149,OKP-B-40,
OKP-B-41,3006150,OKP-B-41,
OKP-B-45,3006151,OKP-B-45,
OKP-C-1,3006152,OKP-C-1,
OKP-D-1,3006153,OKP-D-1,
ORN-1,3006957,ORN-1,
ORN-2,3006958,ORN-2,
ORN-3,3006959,ORN-3,
ORN-4,3006960,ORN-4,
ORN-5,3006961,ORN-5,
ORN-6,3006962,ORN-6,
ORR-1,3006963,ORR-1,
OXA-114b,3005702,OXA-114b,
OXA-114c,3005703,OXA-114c,
OXA-114d,3005704,OXA-114d,
OXA-114e,3005705,OXA-114e,
OXA-114f,3005706,OXA-114f,
OXA-114g,3005707,OXA-114g,
OXA-114h,3005708,OXA-114h,
OXA-114i,3005709,OXA-114i,
OXA-114j,3005710,OXA-114j,
OXA-114k,3005711,OXA-114k,
OXA-114l,3005712,OXA-114l,
OXA-114m,3005713,OXA-114m,
OXA-114n,3005714,OXA-114n,
OXA-114p,3005715,OXA-114p,
OXA-114q,3005716,OXA-114q,
OXA-114r,3005717,OXA-114r,
OXA-114s,3005718,OXA-114s,
OXA-114t,3005719,OXA-114t,
OXA-114u,3005720,OXA-114u,
OXA-114v,3005721,OXA-114v,
OXA-114w,3005722,OXA-114w,
OXA-114x,3005723,OXA-114x,
OXA-159,3001464,OXA-159,
OXA-193,3001478,OXA-193,
OXA-307,3001762,OXA-307,
OXA-395,3001581,OXA-395,
OXA-396,3001582,OXA-396,
OXA-489,3005724,OXA-489,
OXA-491,3005725,OXA-491,
OXA-493,3005726,OXA-493,
OXA-494,3005727,OXA-494,
OXA-497,3005728,OXA-497,
OXA-498,3005729,OXA-498,
OXA-500,3005730,OXA-500,
OXA-501,3005731,OXA-501,
OXA-502,3005732,OXA-502,
OXA-503,3005733,OXA-503,
OXA-504,3005734,OXA-504,
OXA-505,3005735,OXA-505,
OXA-506,3005736,OXA-506,
OXA-507,3005737,OXA-507,
OXA-508,3005738,OXA-508,
OXA-509,3005739,OXA-509,
OXA-510,3005740,OXA-510,
OXA-511,3005741,OXA-511,
OXA-512,3005742,OXA-512,
OXA-513,3005743,OXA-513,
OXA-514,3005744,OXA-514,
OXA-515,3005745,OXA-515,
OXA-516,3005746,OXA-516,
OXA-517,3005747,OXA-517,
OXA-518,3005748,OXA-518,
OXA-519,3005749,OXA-519,
OXA-520,3005750,OXA-520,
OXA-521,3005751,OXA-521,
OXA-522,3005752,OXA-522,
OXA-523,3005753,OXA-523,
OXA-524,3005754,OXA-524,
OXA-525,3005755,OXA-525,
OXA-526,3005756,OXA-526,
OXA-527,3005757,OXA-527,
OXA-528,3005758,OXA-528,
OXA-529,3005759,OXA-529,
OXA-530,3005760,OXA-530,
OXA-531,3005761,OXA-531,
OXA-532,3005762,OXA-532,
OXA-533,3005763,OXA-533,
OXA-534,3005764,OXA-534,
OXA-536,3005765,OXA-536,
OXA-537,3005766,OXA-537,
OXA-538,3005767,OXA-538,
OXA-542,3005768,OXA-542,
OXA-545,3005769,OXA-545,
OXA-546,3005770,OXA-546,
OXA-547,3005771,OXA-547,
OXA-548,3005772,OXA-548,
OXA-549,3005773,OXA-549,
OXA-550,3005774,OXA-550,
OXA-551,3005775,OXA-551,
OXA-552,3005776,OXA-552,
OXA-553,3005777,OXA-553,
OXA-554,3005778,OXA-554,
OXA-555,3005779,OXA-555,
OXA-556,3005780,OXA-556,
OXA-557,3005781,OXA-557,
OXA-558,3005782,OXA-558,
OXA-559,3005783,OXA-559,
OXA-560,3005784,OXA-560,
OXA-561,3005785,OXA-561,
OXA-562,3005786,OXA-562,
OXA-563,3005787,OXA-563,
OXA-564,3005788,OXA-564,
OXA-565,3005789,OXA-565,
OXA-566,3005790,OXA-566,
OXA-567,3005791,OXA-567,
OXA-568,3005792,OXA-568,
OXA-569,3005793,OXA-569,
OXA-572,3005794,OXA-572,
OXA-574,3005795,OXA-574,
OXA-575,3005796,OXA-575,
OXA-576,3005797,OXA-576,
OXA-577,3005798,OXA-577,
OXA-578,3005799,OXA-578,
OXA-579,3005800,OXA-579,
OXA-580,3005801,OXA-580,
OXA-581,3005802,OXA-581,
OXA-582,3005803,OXA-582,
OXA-583,3005804,OXA-583,
OXA-584,3005805,OXA-584,
OXA-585,3005806,OXA-585,
OXA-586,3005807,OXA-586,
OXA-587,3005808,OXA-587,
OXA-588,3005809,OXA-588,
OXA-589,3005810,OXA-589,
OXA-590,3005811,OXA-590,
OXA-591,3005812,OXA-591,
OXA-592,3005813,OXA-592,
OXA-593,3005814,OXA-593,
OXA-594,3005815,OXA-594,
OXA-595,3005816,OXA-595,
OXA-596,3005817,OXA-596,
OXA-597,3005818,OXA-597,
OXA-598,3005819,OXA-598,
OXA-599,3005820,OXA-599,
OXA-600,3005821,OXA-600,
OXA-601,3005822,OXA-601,
OXA-602,3005823,OXA-602,
OXA-603,3005824,OXA-603,
OXA-604,3005825,OXA-604,
OXA-605,3005826,OXA-605,
OXA-606,3005827,OXA-606,
OXA-607,3005828,OXA-607,
OXA-608,3005829,OXA-608,
OXA-609,3005830,OXA-609,
OXA-610,3005831,OXA-610,
OXA-611,3005832,OXA-611,
OXA-612,3005833,OXA-612,
OXA-613,3005834,OXA-613,
OXA-614,3005835,OXA-614,
OXA-615,3005836,OXA-615,
OXA-616,3005837,OXA-616,
OXA-617,3005838,OXA-617,
OXA-618,3005839,OXA-618,
OXA-619,3005840,OXA-619,
OXA-620,3005841,OXA-620,
OXA-621,3005842,OXA-621,
OXA-622,3005843,OXA-622,
OXA-623,3005844,OXA-623,
OXA-624,3005845,OXA-624,
OXA-625,3005846,OXA-625,
OXA-626,3005847,OXA-626,
OXA-627,3005848,OXA-627,
OXA-628,3005849,OXA-628,
OXA-629,3005850,OXA-629,
OXA-630,3005851,OXA-630,
OXA-631,3005852,OXA-631,
OXA-632,3005853,OXA-632,
OXA-633,3005854,OXA-633,
OXA-634,3005855,OXA-634,
OXA-635,3005856,OXA-635,
OXA-636,3005857,OXA-636,
OXA-637,3005858,OXA-637,
OXA-638,3005859,OXA-638,
OXA-639,3005860,OXA-639,
OXA-640,3005861,OXA-640,
OXA-642,3005862,OXA-642,
OXA-643,3005863,OXA-643,
OXA-644,3005864,OXA-644,
OXA-645,3005865,OXA-645,
OXA-650,3005866,OXA-650,
OXA-651,3005867,OXA-651,
OXA-652,3005868,OXA-652,
OXA-654,3005869,OXA-654,
OXA-655,3005870,OXA-655,
OXA-656,3005871,OXA-656,
OXA-657,3005872,OXA-657,
OXA-658,3005873,OXA-658,
OXA-659,3005874,OXA-659,
OXA-660,3005875,OXA-660,
OXA-661,3005876,OXA-661,
OXA-662,3005877,OXA-662,
OXA-666,3005878,OXA-666,
OXA-667,3005879,OXA-667,
OXA-669,3005880,OXA-669,
OXA-670,3005881,OXA-670,
OXA-674,3005882,OXA-674,
OXA-675,3005883,OXA-675,
OXA-676,3005884,OXA-676,
OXA-677,3005885,OXA-677,
OXA-678,3005886,OXA-678,
OXA-679,3005887,OXA-679,
OXA-680,3005888,OXA-680,
OXA-682,3005889,OXA-682,
OXA-683,3005890,OXA-683,
OXA-684,3005891,OXA-684,
OXA-685,3005892,OXA-685,
OXA-686,3005893,OXA-686,
OXA-687,3005894,OXA-687,
OXA-688,3005895,OXA-688,
OXA-689,3005896,OXA-689,
OXA-690,3005897,OXA-690,
OXA-691,3005898,OXA-691,
OXA-692,3005899,OXA-692,
OXA-693,3005900,OXA-693,
OXA-694,3005901,OXA-694,
OXA-695,3005902,OXA-695,
OXA-696,3005903,OXA-696,
OXA-697,3005904,OXA-697,
OXA-698,3005905,OXA-698,
OXA-699,3005906,OXA-699,
OXA-700,3005907,OXA-700,
OXA-701,3005908,OXA-701,
OXA-702,3005909,OXA-702,
OXA-703,3005910,OXA-703,
OXA-704,3005911,OXA-704,
OXA-705,3005912,OXA-705,
OXA-706,3005913,OXA-706,
OXA-707,3005914,OXA-707,
OXA-708,3005915,OXA-708,
OXA-709,3005916,OXA-709,
OXA-710,3005917,OXA-710,
OXA-711,3005918,OXA-711,
OXA-712,3005919,OXA-712,
OXA-713,3005920,OXA-713,
OXA-714,3005921,OXA-714,
OXA-715,3005922,OXA-715,
OXA-716,3005923,OXA-716,
OXA-717,3005924,OXA-717,
OXA-718,3005925,OXA-718,
OXA-719,3005926,OXA-719,
OXA-720,3005927,OXA-720,
OXA-721,3005928,OXA-721,
OXA-722,3005929,OXA-722,
OXA-723,3005930,OXA-723,
OXA-726,3005931,OXA-726,
OXA-727,3005932,OXA-727,
OXA-728,3005933,OXA-728,
OXA-729,3005934,OXA-729,
OXA-730,3005935,OXA-730,
OXA-731,3005936,OXA-731,
OXA-732,3005937,OXA-732,
OXA-733,3005938,OXA-733,
OXA-734,3005939,OXA-734,
OXA-735,3005940,OXA-735,
OXA-736,3005941,OXA-736,
OXA-738,3005942,OXA-738,
OXA-739,3005943,OXA-739,
OXA-740,3005944,OXA-740,
OXA-741,3005945,OXA-741,
OXA-742,3005946,OXA-742,
OXA-743,3005947,OXA-743,
OXA-744,3005948,OXA-744,
OXA-745,3005949,OXA-745,
OXA-746,3005950,OXA-746,
OXA-747,3005951,OXA-747,
OXA-748,3005952,OXA-748,
OXA-749,3005953,OXA-749,
OXA-750,3005954,OXA-750,
OXA-751,3005955,OXA-751,
OXA-752,3005956,OXA-752,
OXA-753,3005957,OXA-753,
OXA-754,3005958,OXA-754,
OXA-755,3005959,OXA-755,
OXA-756,3005960,OXA-756,
OXA-757,3005961,OXA-757,
OXA-758,3005962,OXA-758,
OXA-759,3005963,OXA-759,
OXA-760,3005964,OXA-760,
OXA-761,3005965,OXA-761,
OXA-762,3005966,OXA-762,
OXA-763,3005967,OXA-763,
OXA-764,3005968,OXA-764,
OXA-765,3005969,OXA-765,
OXA-766,3005970,OXA-766,
OXA-767,3005971,OXA-767,
OXA-768,3005972,OXA-768,
OXA-769,3005973,OXA-769,
OXA-770,3005974,OXA-770,
OXA-771,3005975,OXA-771,
OXA-772,3005976,OXA-772,
OXA-773,3005977,OXA-773,
OXA-774,3005978,OXA-774,
OXA-775,3005979,OXA-775,
OXA-776,3005980,OXA-776,
OXA-777,3005981,OXA-777,
OXA-778,3005982,OXA-778,
OXA-780,3005983,OXA-780,
OXA-781,3005984,OXA-781,
OXA-782,3005985,OXA-782,
OXA-783,3005986,OXA-783,
OXA-784,3005987,OXA-784,
OXA-785,3005988,OXA-785,
OXA-786,3005989,OXA-786,
OXA-787,3005990,OXA-787,
OXA-788,3005991,OXA-788,
OXA-789,3005992,OXA-789,
OXA-793,3005993,OXA-793,
OXA-794,3005994,OXA-794,
OXA-795,3005995,OXA-795,
OXA-796,3005996,OXA-796,
OXA-797,3005997,OXA-797,
OXA-798,3005998,OXA-798,
OXA-799,3005999,OXA-799,
OXA-800,3006000,OXA-800,
OXA-801,3006001,OXA-801,
OXA-802,3006002,OXA-802,
OXA-803,3006003,OXA-803,
OXA-804,3006004,OXA-804,
OXA-805,3006005,OXA-805,
OXA-806,3006006,OXA-806,
OXA-807,3006007,OXA-807,
OXA-808,3006008,OXA-808,
OXA-809,3006009,OXA-809,
OXA-810,3006010,OXA-810,
OXA-811,3006011,OXA-811,
OXA-813,3006012,OXA-813,
OXA-814,3006013,OXA-814,
OXA-815,3006014,OXA-815,
OXA-816,3006015,OXA-816,
OXA-817,3006016,OXA-817,
OXA-819,3006017,OXA-819,
OXA-820,3006018,OXA-820,
OXA-821,3006019,OXA-821,
OXA-822,3006020,OXA-822,
OXA-823,3006021,OXA-823,
OXA-824,3006022,OXA-824,
OXA-826,3006023,OXA-826,
OXA-827,3006024,OXA-827,
OXA-828,3006025,OXA-828,
OXA-829,3006026,OXA-829,
OXA-830,3006027,OXA-830,
OXA-831,3006028,OXA-831,
OXA-832,3006029,OXA-832,
OXA-833,3006030,OXA-833,
OXA-834,3006031,OXA-834,
OXA-836,3006032,OXA-836,
OXA-839,3006033,OXA-839,
OXA-840,3006034,OXA-840,
OXA-841,3006035,OXA-841,
OXA-842,3006036,OXA-842,
OXA-843,3006037,OXA-843,
OXA-844,3006038,OXA-844,
OXA-845,3006039,OXA-845,
OXA-847,3006040,OXA-847,
OXA-848,3006041,OXA-848,
OXA-849,3006042,OXA-849,
OXA-851,3006043,OXA-851,
OXA-852,3006044,OXA-852,
OXA-853,3006045,OXA-853,
OXA-854,3006046,OXA-854,
OXA-855,3006047,OXA-855,
OXA-856,3006048,OXA-856,
OXA-857,3006049,OXA-857,
OXA-858,3006050,OXA-858,
OXA-859,3006051,OXA-859,
OXA-860,3006052,OXA-860,
OXA-861,3006053,OXA-861,
OXA-862,3006054,OXA-862,
OXA-863,3006055,OXA-863,
OXA-864,3006056,OXA-864,
OXA-865,3006057,OXA-865,
OXA-866,3006058,OXA-866,
OXA-867,3006059,OXA-867,
OXA-868,3006060,OXA-868,
OXA-869,3006061,OXA-869,
OXA-870,3006062,OXA-870,
OXA-871,3006063,OXA-871,
OXA-872,3006064,OXA-872,
OXA-873,3006065,OXA-873,
OXA-874,3006066,OXA-874,
OXA-875,3006067,OXA-875,
OXA-876,3006068,OXA-876,
OXA-877,3006069,OXA-877,
OXA-878,3006070,OXA-878,
OXA-879,3006071,OXA-879,
OXA-880,3006072,OXA-880,
OXA-881,3006073,OXA-881,
OXA-882,3006074,OXA-882,
OXA-883,3006075,OXA-883,
OXA-884,3006076,OXA-884,
OXA-885,3006077,OXA-885,
OXA-886,3006078,OXA-886,
OXA-887,3006079,OXA-887,
OXA-888,3006080,OXA-888,
OXA-889,3006081,OXA-889,
OXA-890,3006082,OXA-890,
OXA-891,3006083,OXA-891,
OXA-892,3006084,OXA-892,
OXA-893,3006085,OXA-893,
OXA-894,3006086,OXA-894,
OXA-896,3006087,OXA-896,
OXA-900,3006088,OXA-900,
OXA-901,3006089,OXA-901,
OXA-902,3006090,OXA-902,
OXA-903,3006091,OXA-903,
OXA-904,3006092,OXA-904,
OXA-905,3006093,OXA-905,
OXA-907,3006094,OXA-907,
OXA-908,3006095,OXA-908,
OXA-909,3006096,OXA-909,
OXA-910,3006097,OXA-910,
OXA-911,3006098,OXA-911,
OXA-912,3006099,OXA-912,
OXA-913,3006100,OXA-913,
OXA-914,3006101,OXA-914,
OXA-916,3006102,OXA-916,
OXA-917,3006103,OXA-917,
OXA-918,3006104,OXA-918,
OXA-919,3006105,OXA-919,
OXA-920,3006106,OXA-920,
OXA-921,3006107,OXA-921,
OXA-922,3006108,OXA-922,
OXA-923,3006109,OXA-923,
OXA-924,3006110,OXA-924,
OXA-925,3006111,OXA-925,
OXA-927,3006112,OXA-927,
OXA-928,3006113,OXA-928,
OXA-929,3006114,OXA-929,
OXA-932,3006115,OXA-932,
OXA-935,3006116,OXA-935,
OXA-937,3006117,OXA-937,
OXA-938,3006118,OXA-938,
OXA-939,3006119,OXA-939,
OXA-940,3006120,OXA-940,
OXA-941,3006121,OXA-941,
OXA-942,3006122,OXA-942,
OXA-943,3006123,OXA-943,
OXA-945,3006124,OXA-945,
OXA-946,3006125,OXA-946,
OXA-947,3006126,OXA-947,
OXA-948,3006127,OXA-948,
OXA-949,3006128,OXA-949,
OXY-2-11,3002406,OXY-2-11,
OXY-2-12,3002407,OXY-2-12,
OXY-2-13,3002408,OXY-2-13,
OXY-2-14,3006129,OXY-2-14,
OXY-2-15,3006130,OXY-2-15,
PAU-1,3006964,PAU-1,
PDC-100,3006480,PDC-100,
PDC-101,3006481,PDC-101,
PDC-102,3006482,PDC-102,
PDC-103,3006483,PDC-103,
PDC-106,3006484,PDC-106,
PDC-107,3006485,PDC-107,
PDC-108,3006486,PDC-108,
PDC-109,3006487,PDC-109,
PDC-110,3006488,PDC-110,
PDC-111,3006489,PDC-111,
PDC-112,3006490,PDC-112,
PDC-113,3006491,PDC-113,
PDC-114,3006492,PDC-114,
PDC-115,3006493,PDC-115,
PDC-116,3006494,PDC-116,
PDC-12,3006495,PDC-12,
PDC-120,3006496,PDC-120,
PDC-121,3006497,PDC-121,
PDC-122,3006498,PDC-122,
PDC-123,3006499,PDC-123,
PDC-124,3006500,PDC-124,
PDC-125,3006501,PDC-125,
PDC-126,3006502,PDC-126,
PDC-127,3006503,PDC-127,
PDC-128,3006504,PDC-128,
PDC-129,3006505,PDC-129,
PDC-13,3006506,PDC-13,
PDC-130,3006507,PDC-130,
PDC-131,3006508,PDC-131,
PDC-132,3006509,PDC-132,
PDC-133,3006510,PDC-133,
PDC-134,3006511,PDC-134,
PDC-135,3006512,PDC-135,
PDC-136,3006513,PDC-136,
PDC-137,3006514,PDC-137,
PDC-138,3006515,PDC-138,
PDC-139,3006516,PDC-139,
PDC-140,3006517,PDC-140,
PDC-141,3006518,PDC-141,
PDC-142,3006519,PDC-142,
PDC-143,3006520,PDC-143,
PDC-144,3006521,PDC-144,
PDC-145,3006522,PDC-145,
PDC-146,3006523,PDC-146,
PDC-147,3006524,PDC-147,
PDC-148,3006525,PDC-148,
PDC-149,3006526,PDC-149,
PDC-15,3006527,PDC-15,
PDC-150,3006528,PDC-150,
PDC-151,3006529,PDC-151,
PDC-152,3006530,PDC-152,
PDC-153,3006531,PDC-153,
PDC-154,3006532,PDC-154,
PDC-155,3006533,PDC-155,
PDC-156,3006534,PDC-156,
PDC-157,3006535,PDC-157,
PDC-158,3006536,PDC-158,
PDC-159,3006537,PDC-159,
PDC-16,3006538,PDC-16,
PDC-160,3006539,PDC-160,
PDC-161,3006540,PDC-161,
PDC-162,3006541,PDC-162,
PDC-163,3006542,PDC-163,
PDC-164,3006543,PDC-164,
PDC-165,3006544,PDC-165,
PDC-166,3006545,PDC-166,
PDC-167,3006546,PDC-167,
PDC-168,3006547,PDC-168,
PDC-169,3006548,PDC-169,
PDC-17,3006549,PDC-17,
PDC-170,3006550,PDC-170,
PDC-171,3006551,PDC-171,
PDC-172,3006552,PDC-172,
PDC-174,3006553,PDC-174,
PDC-175,3006554,PDC-175,
PDC-176,3006555,PDC-176,
PDC-177,3006556,PDC-177,
PDC-178,3006557,PDC-178,
PDC-179,3006558,PDC-179,
PDC-18,3006559,PDC-18,
PDC-180,3006560,PDC-180,
PDC-181,3006561,PDC-181,
PDC-182,3006562,PDC-182,
PDC-184,3006563,PDC-184,
PDC-185,3006564,PDC-185,
PDC-186,3006565,PDC-186,
PDC-187,3006566,PDC-187,
PDC-188,3006567,PDC-188,
PDC-189,3006568,PDC-189,
PDC-190,3006569,PDC-190,
PDC-191,3006570,PDC-191,
PDC-192,3006571,PDC-192,
PDC-193,3006572,PDC-193,
PDC-194,3006573,PDC-194,
PDC-195,3006574,PDC-195,
PDC-196,3006575,PDC-196,
PDC-197,3006576,PDC-197,
PDC-198,3006577,PDC-198,
PDC-199,3006578,PDC-199,
PDC-20,3006579,PDC-20,
PDC-200,3006580,PDC-200,
PDC-202,3006581,PDC-202,
PDC-203,3006582,PDC-203,
PDC-204,3006583,PDC-204,
PDC-205,3006584,PDC-205,
PDC-206,3006585,PDC-206,
PDC-208,3006586,PDC-208,
PDC-209,3006587,PDC-209,
PDC-210,3006588,PDC-210,
PDC-211,3006589,PDC-211,
PDC-213,3006590,PDC-213,
PDC-214,3006591,PDC-214,
PDC-215,3006592,PDC-215,
PDC-216,3006593,PDC-216,
PDC-217,3006594,PDC-217,
PDC-218,3006595,PDC-218,
PDC-219,3006596,PDC-219,
PDC-21a,3006597,PDC-21a,
PDC-21b,3006598,PDC-21b,
PDC-22,3006599,PDC-22,
PDC-220,3006600,PDC-220,
PDC-221,3006601,PDC-221,
PDC-222,3006602,PDC-222,
PDC-223,3006603,PDC-223,
PDC-224,3006604,PDC-224,
PDC-226,3006605,PDC-226,
PDC-227,3006606,PDC-227,
PDC-228,3006607,PDC-228,
PDC-229,3006608,PDC-229,
PDC-230,3006609,PDC-230,
PDC-232,3006610,PDC-232,
PDC-233,3006611,PDC-233,
PDC-234,3006612,PDC-234,
PDC-235,3006613,PDC-235,
PDC-236,3006614,PDC-236,
PDC-237,3006615,PDC-237,
PDC-238,3006616,PDC-238,
PDC-239,3006617,PDC-239,
PDC-24,3006618,PDC-24,
PDC-241,3006619,PDC-241,
PDC-242,3006620,PDC-242,
PDC-243,3006621,PDC-243,
PDC-244,3006622,PDC-244,
PDC-245,3006623,PDC-245,
PDC-246,3006624,PDC-246,
PDC-247,3006625,PDC-247,
PDC-248,3006626,PDC-248,
PDC-249,3006627,PDC-249,
PDC-25,3006628,PDC-25,
PDC-250,3006629,PDC-250,
PDC-251,3006630,PDC-251,
PDC-252,3006631,PDC-252,
PDC-253,3006632,PDC-253,
PDC-254,3006633,PDC-254,
PDC-256,3006634,PDC-256,
PDC-259,3006635,PDC-259,
PDC-26,3006636,PDC-26,
PDC-260,3006637,PDC-260,
PDC-261,3006638,PDC-261,
PDC-262,3006639,PDC-262,
PDC-263,3006640,PDC-263,
PDC-265,3006641,PDC-265,
PDC-266,3006642,PDC-266,
PDC-267,3006643,PDC-267,
PDC-268,3006644,PDC-268,
PDC-270,3006645,PDC-270,
PDC-271,3006646,PDC-271,
PDC-273,3006647,PDC-273,
PDC-274,3006648,PDC-274,
PDC-275,3006649,PDC-275,
PDC-276,3006650,PDC-276,
PDC-277,3006651,PDC-277,
PDC-278,3006652,PDC-278,
PDC-279,3006653,PDC-279,
PDC-280,3006654,PDC-280,
PDC-281,3006655,PDC-281,
PDC-282,3006656,PDC-282,
PDC-283,3006657,PDC-283,
PDC-286,3006658,PDC-286,
PDC-287,3006659,PDC-287,
PDC-288,3006660,PDC-288,
PDC-289,3006661,PDC-289,
PDC-290,3006662,PDC-290,
PDC-291,3006663,PDC-291,
PDC-294,3006664,PDC-294,
PDC-295,3006665,PDC-295,
PDC-296,3006666,PDC-296,
PDC-297,3006667,PDC-297,
PDC-298,3006668,PDC-298,
PDC-299,3006669,PDC-299,
PDC-30,3006670,PDC-30,
PDC-300,3006671,PDC-300,
PDC-301,3006672,PDC-301,
PDC-302,3006673,PDC-302,
PDC-303,3006674,PDC-303,
PDC-304,3006675,PDC-304,
PDC-305,3006676,PDC-305,
PDC-307,3006677,PDC-307,
PDC-308,3006678,PDC-308,
PDC-309,3006679,PDC-309,
PDC-31,3006680,PDC-31,
PDC-310,3006681,PDC-310,
PDC-311,3006682,PDC-311,
PDC-312,3006683,PDC-312,
PDC-314,3006684,PDC-314,
PDC-315,3006685,PDC-315,
PDC-316,3006686,PDC-316,
PDC-317,3006687,PDC-317,
PDC-318,3006688,PDC-318,
PDC-319,3006689,PDC-319,
PDC-32,3006690,PDC-32,
PDC-320,3006691,PDC-320,
PDC-321,3006692,PDC-321,
PDC-322,3006693,PDC-322,
PDC-325,3006694,PDC-325,
PDC-326,3006695,PDC-326,
PDC-327,3006696,PDC-327,
PDC-328,3006697,PDC-328,
PDC-329,3006698,PDC-329,
PDC-33,3006699,PDC-33,
PDC-330,3006700,PDC-330,
PDC-331,3006701,PDC-331,
PDC-332,3006702,PDC-332,
PDC-333,3006703,PDC-333,
PDC-334,3006704,PDC-334,
PDC-335,3006705,PDC-335,
PDC-336,3006706,PDC-336,
PDC-338,3006707,PDC-338,
PDC-339,3006708,PDC-339,
PDC-34,3006709,PDC-34,
PDC-340,3006710,PDC-340,
PDC-341,3006711,PDC-341,
PDC-342,3006712,PDC-342,
PDC-343,3006713,PDC-343,
PDC-344,3006714,PDC-344,
PDC-345,3006715,PDC-345,
PDC-347,3006716,PDC-347,
PDC-348,3006717,PDC-348,
PDC-349,3006718,PDC-349,
PDC-35,3006719,PDC-35,
PDC-350,3006720,PDC-350,
PDC-351,3006721,PDC-351,
PDC-353,3006722,PDC-353,
PDC-354,3006723,PDC-354,
PDC-355,3006724,PDC-355,
PDC-356,3006725,PDC-356,
PDC-357,3006726,PDC-357,
PDC-358,3006727,PDC-358,
PDC-359,3006728,PDC-359,
PDC-36,3006729,PDC-36,
PDC-360,3006730,PDC-360,
PDC-361,3006731,PDC-361,
PDC-362,3006732,PDC-362,
PDC-363,3006733,PDC-363,
PDC-364,3006734,PDC-364,
PDC-365,3006735,PDC-365,
PDC-366,3006736,PDC-366,
PDC-367,3006737,PDC-367,
PDC-368,3006738,PDC-368,
PDC-369,3006739,PDC-369,
PDC-37,3006740,PDC-37,
PDC-370,3006741,PDC-370,
PDC-371,3006742,PDC-371,
PDC-372,3006743,PDC-372,
PDC-373,3006744,PDC-373,
PDC-374,3006745,PDC-374,
PDC-375,3006746,PDC-375,
PDC-377,3006747,PDC-377,
PDC-378,3006748,PDC-378,
PDC-379,3006749,PDC-379,
PDC-38,3006750,PDC-38,
PDC-381,3006751,PDC-381,
PDC-382,3006752,PDC-382,
PDC-383,3006753,PDC-383,
PDC-385,3006754,PDC-385,
PDC-386,3006755,PDC-386,
PDC-387,3006756,PDC-387,
PDC-388,3006757,PDC-388,
PDC-389,3006758,PDC-389,
PDC-39,3006759,PDC-39,
PDC-390,3006760,PDC-390,
PDC-391,3006761,PDC-391,
PDC-392,3006762,PDC-392,
PDC-394,3006763,PDC-394,
PDC-395,3006764,PDC-395,
PDC-396,3006765,PDC-396,
PDC-397,3006766,PDC-397,
PDC-398,3006767,PDC-398,
PDC-399,3006768,PDC-399,
PDC-40,3006769,PDC-40,
PDC-400,3006770,PDC-400,
PDC-401,3006771,PDC-401,
PDC-402,3006772,PDC-402,
PDC-403,3006773,PDC-403,
PDC-404,3006774,PDC-404,
PDC-405,3006775,PDC-405,
PDC-406,3006776,PDC-406,
PDC-407,3006777,PDC-407,
PDC-408,3006778,PDC-408,
PDC-409,3006779,PDC-409,
PDC-410,3006780,PDC-410,
PDC-411,3006781,PDC-411,
PDC-412,3006782,PDC-412,
PDC-414,3006783,PDC-414,
PDC-415,3006784,PDC-415,
PDC-416,3006785,PDC-416,
PDC-417,3006786,PDC-417,
PDC-418,3006787,PDC-418,
PDC-419,3006788,PDC-419,
PDC-42,3006789,PDC-42,
PDC-420,3006790,PDC-420,
PDC-421,3006791,PDC-421,
PDC-422,3006792,PDC-422,
PDC-423,3006793,PDC-423,
PDC-424,3006794,PDC-424,
PDC-425,3006795,PDC-425,
PDC-426,3006796,PDC-426,
PDC-427,3006797,PDC-427,
PDC-428,3006798,PDC-428,
PDC-430,3006799,PDC-430,
PDC-431,3006800,PDC-431,
PDC-432,3006801,PDC-432,
PDC-433,3006802,PDC-433,
PDC-434,3006803,PDC-434,
PDC-435,3006804,PDC-435,
PDC-436,3006805,PDC-436,
PDC-437,3006806,PDC-437,
PDC-439,3006807,PDC-439,
PDC-440,3006808,PDC-440,
PDC-441,3006809,PDC-441,
PDC-442,3006810,PDC-442,
PDC-443,3006811,PDC-443,
PDC-444,3006812,PDC-444,
PDC-445,3006813,PDC-445,
PDC-446,3006814,PDC-446,
PDC-447,3006815,PDC-447,
PDC-448,3006816,PDC-448,
PDC-450,3006817,PDC-450,
PDC-451,3006818,PDC-451,
PDC-452,3006819,PDC-452,
PDC-453,3006820,PDC-453,
PDC-454,3006821,PDC-454,
PDC-455,3006822,PDC-455,
PDC-456,3006823,PDC-456,
PDC-457,3006824,PDC-457,
PDC-458,3006825,PDC-458,
PDC-459,3006826,PDC-459,
PDC-46,3006827,PDC-46,
PDC-460,3006828,PDC-460,
PDC-462,3006829,PDC-462,
PDC-463,3006830,PDC-463,
PDC-465,3006831,PDC-465,
PDC-466,3006832,PDC-466,
PDC-467,3006833,PDC-467,
PDC-468,3006834,PDC-468,
PDC-469,3006835,PDC-469,
PDC-470,3006836,PDC-470,
PDC-471,3006837,PDC-471,
PDC-472,3006838,PDC-472,
PDC-473,3006839,PDC-473,
PDC-474,3006840,PDC-474,
PDC-475,3006841,PDC-475,
PDC-476,3006842,PDC-476,
PDC-58,3006843,PDC-58,
PDC-60,3006844,PDC-60,
PDC-64,3006845,PDC-64,
PDC-71,3006846,PDC-71,
PDC-94,3006847,PDC-94,
PDC-95,3006848,PDC-95,
PDC-96,3006849,PDC-96,
PDC-97,3006850,PDC-97,
PDC-98,3006851,PDC-98,
PDC-99,3006852,PDC-99,
PER-10,3006131,PER-10,
PER-11,3006132,PER-11,
PER-12,3006133,PER-12,
PER-13,3006134,PER-13,
PER-14,3006135,PER-14,
PER-15,3006136,PER-15,
PER-16,3006137,PER-16,
PER-8,3003184,PER-8,
PER-9,3006138,PER-9,
PFM-1,3006965,PFM-1,
PFM-2,3006966,PFM-2,
PFM-3,3006967,PFM-3,
PLA-1,3006968,PLA-1,
PLA-2a,3006969,PLA-2a,
PLA-3,3006970,PLA-3,
PLA-6,3006971,PLA-6,
PLN-1,3006972,PLN-1,
PME-1,3006973,PME-1,
POM-1,3006974,POM-1,
POM-2,3006975,POM-2,
PST-1,3006976,PST-1,
PST-2,3006977,PST-2,
PSV-1,3006978,PSV-1,
RAHN-1,3006979,RAHN-1,
RAHN-2,3006980,RAHN-2,
RSA2-1,3006981,RSA2-1,
RSD2-1,3006982,RSD2-1,
RSD2-2,3006983,RSD2-2,
RUB-1,3006984,RUB-1,
SFC-1,3006985,SFC-1,
SFO-1,3006986,SFO-1,
SGM-1,3006987,SGM-1,
SGM-2,3006988,SGM-2,
SGM-3,3006989,SGM-3,
SGM-4,3006990,SGM-4,
SGM-5,3006991,SGM-5,
SGM-6,3006992,SGM-6,
SGM-7,3006993,SGM-7,
SHN-1,3006994,SHN-1,
SHV-115,3001164,SHV-115,
SHV-116,3001165,SHV-116,
SHV-132,3001341,SHV-132,
SHV-146,3001346,SHV-146,
SHV-171,3001355,SHV-171,
SHV-190,3003590,SHV-190,
SHV-191,3003591,SHV-191,
SIM-2,3005494,SIM-2,
SPN79-1,3006995,SPN79-1,
SPR-1,3006996,SPR-1,
SPS-1,3006997,SPS-1,
SPU-1,3006998,SPU-1,
SRT-3,3006853,SRT-3,
SST-1,3006999,SST-1,
STA-1,3007000,STA-1,
TEM-98,3006139,TEM-98,
TEM-99,3006140,TEM-99,
TER-1,3007001,TER-1,
TER-2,3007007,TER-2,
TTU-1,3007002,TTU-1,
VEB-10,3003146,VEB-10,
VEB-11,3006208,VEB-11,
VEB-12,3006209,VEB-12,
VEB-13,3006210,VEB-13,
VEB-14,3006211,VEB-14,
VEB-15,3006212,VEB-15,
VEB-17,3006213,VEB-17,
VEB-19,3006214,VEB-19,
VEB-20,3006215,VEB-20,
VEB-21,3006216,VEB-21,
VEB-22,3006217,VEB-22,
VEB-23,3006218,VEB-23,
VEB-24,3006219,VEB-24,
VEB-25,3006220,VEB-25,
VEB-26,3006221,VEB-26,
VEB-27,3006222,VEB-27,
VHH-1,3007003,VHH-1,
VHW-1,3007004,VHW-1,
VIM-40,3002310,VIM-40,
VIM-41,3002311,VIM-41,
VIM-44,3003660,VIM-44,
VIM-45,3003661,VIM-45,
VIM-46,3003662,VIM-46,
VIM-47,3005495,VIM-47,
VIM-48,3005496,VIM-48,
VIM-49,3005497,VIM-49,
VIM-50,3005498,VIM-50,
VIM-51,3005499,VIM-51,
VIM-52,3005500,VIM-52,
VIM-53,3005501,VIM-53,
VIM-54,3005502,VIM-54,
VIM-55,3005503,VIM-55,
VIM-56,3005504,VIM-56,
VIM-57,3005505,VIM-57,
VIM-58,3005506,VIM-58,
VIM-59,3005507,VIM-59,
VIM-60,3005508,VIM-60,
VIM-61,3005509,VIM-61,
VIM-62,3005510,VIM-62,
VIM-63,3005511,VIM-63,
VIM-64,3005512,VIM-64,
VIM-65,3005513,VIM-65,
VIM-66,3005514,VIM-66,
VIM-67,3005515,VIM-67,
VIM-68,3005516,VIM-68,
VIM-69,3005517,VIM-69,
VIM-70,3005518,VIM-70,
VIM-71,3005519,VIM-71,
VIM-72,3005520,VIM-72,
VIM-73,3005521,VIM-73,
YEM-1,3007005,YEM-1,
ZOG-1,3007006,ZOG-1,
norC,3007010,norC,
MCR-10.5,3007274,MCR-10.5,
MCR-10.3,3007275,MCR-10.3,
mdeA,3007011,mdeA,
sepA,3007012,sepA,
sdrM,3007013,sdrM,
qacJ,3007014,qacJ,
qacG,3007015,qacG,
SHD-1,3007017,SHD-1,
fexB,3007019,fexB,
NDM-33,3007023,NDM-33,
Mycoplasmopsis fermentans 23S rRNA with mutation conferring resistance to macrolide antibiotics,3004177,Mycoplasmopsis fermentans 23S rRNA with mutation conferring resistance to macrolide antibiotics,
Alkalihalobacillus clausii chloramphenicol acetyltransferase,3004452,Alkalihalobacillus clausii chloramphenicol acetyltransferase,
Limosilactobacillus reuteri cat-TC,3002671,Limosilactobacillus reuteri cat-TC,
vanY gene in vanA cluster,3002955,vanY gene in vanA cluster,
vanXY gene in vanC cluster,3002966,vanXY gene in vanC cluster,
vanH gene in vanA cluster,3002942,vanH gene in vanA cluster,
vanX gene in vanA cluster,3002949,vanX gene in vanA cluster,
R39,3003565,R39,
vanS gene in vanB cluster,3002932,vanS gene in vanB cluster,
vanH gene in vanB cluster,3002943,vanH gene in vanB cluster,
vanR gene in vanE cluster,3002924,vanR gene in vanE cluster,
vanT gene in vanC cluster,3002970,vanT gene in vanC cluster,
TolC,3000237,TolC,
MexG,3000806,MexG,
vanW gene in vanB cluster,3002964,vanW gene in vanB cluster,
vgbB,3001308,vgbB,
vanT gene in vanE cluster,3002971,vanT gene in vanE cluster,
vanY gene in vanD cluster,3002957,vanY gene in vanD cluster,
vgbA,3001307,vgbA,
MexI,3000808,MexI,
vanZ gene in vanF cluster,3002963,vanZ gene in vanF cluster,
KHM-1,3000847,KHM-1,
vanS gene in vanF cluster,3002936,vanS gene in vanF cluster,
Escherichia coli ompF with mutation conferring resistance to beta-lactam antibiotics,3003390,Escherichia coli ompF with mutation conferring resistance to beta-lactam antibiotics,
Ureaplasma urealyticum gyrB conferring resistance to fluoroquinolones,3003305,Ureaplasma urealyticum gyrB conferring resistance to fluoroquinolones,
Escherichia coli 16S rRNA (rrnB) mutation conferring resistance to tetracycline,3003411,Escherichia coli 16S rRNA (rrnB) mutation conferring resistance to tetracycline,
MCR-1.1,3003689,MCR-1.1,
Pseudomonas aeruginosa gyrA and parC conferring resistance to fluoroquinolones,3003702,Pseudomonas aeruginosa gyrA and parC conferring resistance to fluoroquinolones,
OXA-289,3001744,OXA-289,
MexZ,3003709,MexZ,
Escherichia coli nfsB with mutation conferring resistance to nitrofurantoin,3003756,Escherichia coli nfsB with mutation conferring resistance to nitrofurantoin,
Bifidobacterium bifidum ileS conferring resistance to mupirocin,3003730,Bifidobacterium bifidum ileS conferring resistance to mupirocin,
Staphylococcus aureus fusA with mutation conferring resistance to fusidic acid,3003735,Staphylococcus aureus fusA with mutation conferring resistance to fusidic acid,
Staphylococcus aureus fusE with mutation conferring resistance to fusidic acid,3003737,Staphylococcus aureus fusE with mutation conferring resistance to fusidic acid,
Enterococcus faecalis cls with mutation conferring resistance to daptomycin,3003760,Enterococcus faecalis cls with mutation conferring resistance to daptomycin,
Staphylococcus aureus mupB conferring resistance to mupirocin,3000510,Staphylococcus aureus mupB conferring resistance to mupirocin,
Staphylococcus aureus mupA conferring resistance to mupirocin,3000521,Staphylococcus aureus mupA conferring resistance to mupirocin,
Escherichia coli 16S rRNA (rrsH) mutation conferring resistance to spectinomycin,3003372,Escherichia coli 16S rRNA (rrsH) mutation conferring resistance to spectinomycin,
Acinetobacter baumannii ampC beta-lactamase,3003796,Acinetobacter baumannii ampC beta-lactamase,
Staphylococcus aureus agrA with mutation conferring resistance to daptomycin,3003803,Staphylococcus aureus agrA with mutation conferring resistance to daptomycin,
Mycoplasma genitalium gyrA mutation confers resistance to fluoroquinolones,3004631,Mycoplasma genitalium gyrA mutation confers resistance to fluoroquinolones,
Rm3,3003894,Rm3,
Neisseria gonorrhoeae parC conferring resistance to fluoroquinolones,3003929,Neisseria gonorrhoeae parC conferring resistance to fluoroquinolones,
MCR-10.4,3007276,MCR-10.4,
MCR-10.2,3007277,MCR-10.2,
Erm(44)v,3003971,Erm(44)v,
YojI,3003952,YojI,
Chlamydomonas reinhardtii 16S rRNA (rrnS) mutation conferring resistance to streptomycin,3003978,Chlamydomonas reinhardtii 16S rRNA (rrnS) mutation conferring resistance to streptomycin,
tetB(58),3003981,tetB(58),
Mycobacterium tuberculosis rpsA mutations conferring resistance to pyrazinamide,3004721,Mycobacterium tuberculosis rpsA mutations conferring resistance to pyrazinamide,
Mycolicibacterium smegmatis ndh with mutation conferring resistance to isoniazid,3003778,Mycolicibacterium smegmatis ndh with mutation conferring resistance to isoniazid,
KPC-2,3002312,KPC-2,
Escherichia coli fabI mutations conferring resistance to isoniazid and triclosan,3004045,Escherichia coli fabI mutations conferring resistance to isoniazid and triclosan,
Escherichia coli fabG mutations conferring resistance to triclosan,3004049,Escherichia coli fabG mutations conferring resistance to triclosan,
MexCD-OprJ with type A NfxB mutation,3004061,MexCD-OprJ with type A NfxB mutation,
TEM-247,3007451,TEM-247,
HMB-1,3004092,HMB-1,
AcrAD-TolC,3004082,AcrAD-TolC,
MCR-2.1,3004110,MCR-2.1,
Escherichia coli mipA,3004127,Escherichia coli mipA,
MCR-3.1,3004139,MCR-3.1,
Streptomyces ambofaciens 23S rRNA with mutation conferring resistance to macrolide antibiotics,3004171,Streptomyces ambofaciens 23S rRNA with mutation conferring resistance to macrolide antibiotics,
MCR-4.1,3004325,MCR-4.1,
MCR-5.1,3004332,MCR-5.1,
Mycobacterium tuberculosis clpC1 with mutation conferring resistance to pyrazinamide,3004957,Mycobacterium tuberculosis clpC1 with mutation conferring resistance to pyrazinamide,
Bifidobacterium adolescentis rpoB mutants conferring resistance to rifampicin,3004480,Bifidobacterium adolescentis rpoB mutants conferring resistance to rifampicin,
MCR-8.1,3004516,MCR-8.1,
Mycobacterium tuberculosis fabG1 mutation conferring resistance to ethionamide,3004933,Mycobacterium tuberculosis fabG1 mutation conferring resistance to ethionamide,
Mycobacterium tuberculosis gpsI with mutations conferring resistance to pyrazinamide,3004977,Mycobacterium tuberculosis gpsI with mutations conferring resistance to pyrazinamide,
erm(45),3004595,erm(45),
MCR-3.17,3007278,MCR-3.17,
Clostridioides difficile gyrB conferring resistance to fluoroquinolones,3004562,Clostridioides difficile gyrB conferring resistance to fluoroquinolones,
Neisseria gonorrhoeae mtrC with mutation conferring resistance to azithromycin,3005004,Neisseria gonorrhoeae mtrC with mutation conferring resistance to azithromycin,
TxR,3005008,TxR,
Mycobacterium tuberculosis ethA mutations conferring resistance to perchlozone,3005178,Mycobacterium tuberculosis ethA mutations conferring resistance to perchlozone,
salB,3007026,salB,
salC,3007027,salC,
salD,3007028,salD,
salE,3007029,salE,
vanTm gene in vanL cluster,3002973,vanTm gene in vanL cluster,
vanY gene in vanG cluster,3002959,vanY gene in vanG cluster,
vanS gene in vanG cluster,3002937,vanS gene in vanG cluster,
vanS gene in vanO cluster,3002941,vanS gene in vanO cluster,
vanXY gene in vanN cluster,3002969,vanXY gene in vanN cluster,
vanS gene in vanL cluster,3002938,vanS gene in vanL cluster,
vanR gene in vanM cluster,3002928,vanR gene in vanM cluster,
vanU gene in vanG cluster,3004253,vanU gene in vanG cluster,
vanS gene in vanN cluster,3002940,vanS gene in vanN cluster,
vanR gene in vanN cluster,3002929,vanR gene in vanN cluster,
vanS gene in vanM cluster,3002939,vanS gene in vanM cluster,
vanTr gene in vanL cluster,3002974,vanTr gene in vanL cluster,
vanW gene in vanG cluster,3002965,vanW gene in vanG cluster,
vanR gene in vanO cluster,3002930,vanR gene in vanO cluster,
vanH gene in vanM cluster,3002947,vanH gene in vanM cluster,
vanXY gene in vanL cluster,3002968,vanXY gene in vanL cluster,
vanT gene in vanN cluster,3002975,vanT gene in vanN cluster,
vanW gene in vanI cluster,3003724,vanW gene in vanI cluster,
vanK gene in vanI cluster,3003727,vanK gene in vanI cluster,
QnrB80,3003192,QnrB80,
Erm(52),3007041,Erm(52),
msr(G),3007042,msr(G),
msr(I),3007043,msr(I),
Erm(51),3007033,Erm(51),
mreA,3007050,mreA,
OXA-290,3001745,OXA-290,
Helicobacter pylori gyrA conferring resistance to fluoroquinolones,3007052,Helicobacter pylori gyrA conferring resistance to fluoroquinolones,
Helicobacter pylori gyrB conferring resistance to fluoroquinolones,3007053,Helicobacter pylori gyrB conferring resistance to fluoroquinolones,
nimD,3007106,nimD,
Helicobacter pylori pbp3 conferring resistance to amoxicillin,3007057,Helicobacter pylori pbp3 conferring resistance to amoxicillin,
Helicobacter pylori pbp2 mutants conferring resistance to amoxicillin,3007058,Helicobacter pylori pbp2 mutants conferring resistance to amoxicillin,
Helicobacter pylori pbp1 mutants conferring resistance to amoxicillin,3007060,Helicobacter pylori pbp1 mutants conferring resistance to amoxicillin,
Helicobacter pylori frxA mutation conferring resistance to metronidazole,3007059,Helicobacter pylori frxA mutation conferring resistance to metronidazole,
VAM-1,3007062,VAM-1,
Erm(50),3007032,Erm(50),
OXA-647,3005337,OXA-647,
Helicobacter pylori rpoB mutation conferring resistance to rifampicin,3007051,Helicobacter pylori rpoB mutation conferring resistance to rifampicin,
Neisseria gonorrhoeae rpld,3004956,Neisseria gonorrhoeae rpld,
FosY,3007069,FosY,
MCR-1.33,3007070,MCR-1.33,
Bacillus subtilis rpoB mutants conferring resistance to rifampin,3007073,Bacillus subtilis rpoB mutants conferring resistance to rifampin,
cph,3007075,cph,
mef(J),3007049,mef(J),
mef(H),3007047,mef(H),
lsaD,3005121,lsaD,
PRC-1,3007085,PRC-1,
KPC-90,3007087,KPC-90,
KPC-83,3007089,KPC-83,
FosM1,3007097,FosM1,
FosM2,3007098,FosM2,
FosM3,3007099,FosM3,
BcIII,3007101,BcIII,
KPC-93,3007102,KPC-93,
nimA,3007104,nimA,
nimC,3007105,nimC,
nimE,3007107,nimE,
LnuH,3004600,LnuH,
nimF,3007108,nimF,
nimG,3007109,nimG,
nimH,3007110,nimH,
nimI,3007111,nimI,
nimJ,3007112,nimJ,
nimK,3007113,nimK,
nimB,3004655,nimB,
crxA,3007118,crxA,
tet(O/32/O),3007119,tet(O/32/O),
tet(O/M/O),3007120,tet(O/M/O),
tet(O/W),3007121,tet(O/W),
tet(O/W/32/O),3007122,tet(O/W/32/O),
tet(O/W/O),3007123,tet(O/W/O),
tet(W/32/O),3007124,tet(W/32/O),
tet(47),3004613,tet(47),
tet(X3),3004719,tet(X3),
tet(X6),3005056,tet(X6),
tet(X1),3005166,tet(X1),
ROB-11,3007125,ROB-11,
ROB-12,3007126,ROB-12,
ROB-13,3005072,ROB-13,
Streptomyces rimosus otr(A),3002891,Streptomyces rimosus otr(A),
Streptomyces lividans otr(A),3007127,Streptomyces lividans otr(A),
mcr-10.1,3007137,mcr-10.1,
MAB,3007180,MAB,
MCR-1.15,3007279,MCR-1.15,
MCR-1.26,3007280,MCR-1.26,
MCR-5.4,3007281,MCR-5.4,
blaC,3007182,blaC,
Mycobacterium tuberculosis Rv1258c mutations confer resistance to ethambutol and capreomycin,3007185,Mycobacterium tuberculosis Rv1258c mutations confer resistance to ethambutol and capreomycin,
"Mycobacterium tuberculosis Rv1258c mutations confer resistance to pyrazinamide, isoniazid, and streptomycin",3007186,"Mycobacterium tuberculosis Rv1258c mutations confer resistance to pyrazinamide, isoniazid, and streptomycin",
Mycobacterium tuberculosis Rv1258c mutations confer resistance to streptomycin,3004971,Mycobacterium tuberculosis Rv1258c mutations confer resistance to streptomycin,
Helicobacter pylori rdxA mutation conferring resistance to metronidazole,3007055,Helicobacter pylori rdxA mutation conferring resistance to metronidazole,
vanH gene in vanP cluster,3007188,vanH gene in vanP cluster,
vanP,3007189,vanP,
vanX gene in vanP cluster,3007190,vanX gene in vanP cluster,
vanR gene in vanP cluster,3007191,vanR gene in vanP cluster,
vanS gene in vanP cluster,3007192,vanS gene in vanP cluster,
AAC(6')-Ie-APH(2'')-Ia bifunctional protein,3002597,AAC(6')-Ie-APH(2'')-Ia bifunctional protein,
glycopeptide resistance gene cluster vanP,3007187,glycopeptide resistance gene cluster vanP,
Enterobacter aerogenes acrR with mutation conferring multidrug antibiotic resistance,3003374,Enterobacter aerogenes acrR with mutation conferring multidrug antibiotic resistance,
KPC-123,3007196,KPC-123,
PAM-1,3007199,PAM-1,
PAM-2,3007200,PAM-2,
PAM-3,3007201,PAM-3,
NDM-16a,3003664,NDM-16a,
NDM-16b,3007202,NDM-16b,
AAC(6')-Iap,3007204,AAC(6')-Iap,
KBL-1,3007206,KBL-1,
Streptomyces venezuelae rox,3007209,Streptomyces venezuelae rox,
Nocardia farcinica rox,3007210,Nocardia farcinica rox,
MCR-8.3,3007227,MCR-8.3,
Klebsiella pneumoniae mutant PhoQ conferring resistance to colistin,3007203,Klebsiella pneumoniae mutant PhoQ conferring resistance to colistin,
HelR,3007208,HelR,
NDM-34,3007211,NDM-34,
NDM-35,3007212,NDM-35,
NDM-36,3007213,NDM-36,
NDM-37,3007214,NDM-37,
NDM-38,3007215,NDM-38,
NDM-39,3007216,NDM-39,
NDM-40,3007217,NDM-40,
NDM-41,3007218,NDM-41,
NDM-42,3007219,NDM-42,
NDM-43,3007220,NDM-43,
MCR-8.4,3007228,MCR-8.4,
MCR-8.2,3007229,MCR-8.2,
MCR-1.34,3007230,MCR-1.34,
MCR-4.6,3007231,MCR-4.6,
MCR-1.27,3007232,MCR-1.27,
MCR-1.18,3007233,MCR-1.18,
MCR-1.23,3007234,MCR-1.23,
MCR-1.20,3007235,MCR-1.20,
MCR-1.28,3007236,MCR-1.28,
MCR-1.21,3007237,MCR-1.21,
MCR-1.16,3007238,MCR-1.16,
MCR-1.22,3007239,MCR-1.22,
MCR-1.19,3007240,MCR-1.19,
MCR-1.29,3007241,MCR-1.29,
MCR-1.30,3007242,MCR-1.30,
MCR-1.24,3007243,MCR-1.24,
MCR-1.17,3007244,MCR-1.17,
MCR-1.31,3007245,MCR-1.31,
MCR-1.14,3007246,MCR-1.14,
MCR-1.25,3007247,MCR-1.25,
MCR-3.33,3007248,MCR-3.33,
MCR-3.14,3007249,MCR-3.14,
MCR-3.37,3007250,MCR-3.37,
MCR-3.38,3007251,MCR-3.38,
MCR-3.15,3007252,MCR-3.15,
MCR-3.27,3007253,MCR-3.27,
MCR-3.32,3007254,MCR-3.32,
MCR-3.31,3007255,MCR-3.31,
MCR-3.23,3007256,MCR-3.23,
MCR-3.36,3007257,MCR-3.36,
MCR-3.25,3007258,MCR-3.25,
MCR-3.22,3007259,MCR-3.22,
MCR-3.16,3007260,MCR-3.16,
MCR-3.26,3007261,MCR-3.26,
MCR-3.21,3007262,MCR-3.21,
MCR-3.18,3007263,MCR-3.18,
MCR-3.40,3007264,MCR-3.40,
MCR-3.24,3007265,MCR-3.24,
MCR-3.20,3007266,MCR-3.20,
MCR-3.35,3007267,MCR-3.35,
MCR-3.34,3007268,MCR-3.34,
MCR-3.13,3007269,MCR-3.13,
MCR-3.28,3007270,MCR-3.28,
MCR-3.39,3007271,MCR-3.39,
MCR-3.29,3007272,MCR-3.29,
MCR-3.19,3007273,MCR-3.19,
MCR-5.3,3007282,MCR-5.3,
MCR-2.4,3007283,MCR-2.4,
MCR-2.3,3007284,MCR-2.3,
MCR-2.8,3007285,MCR-2.8,
MCR-2.5,3007286,MCR-2.5,
MCR-2.7,3007287,MCR-2.7,
MCR-2.6,3007288,MCR-2.6,
MCR-1.32,3007289,MCR-1.32,
FosXCC,3003208,FosXCC,
FosG,3007368,FosG,
FosH,3007369,FosH,
FosI,3007370,FosI,
FosA8,3007371,FosA8,
FosBx1,3007372,FosBx1,
PJM-1,3007374,PJM-1,
KPC-87,3007375,KPC-87,
KPC-86,3007381,KPC-86,
KPC-95,3007383,KPC-95,
ANT(9)-Ib,3007401,ANT(9)-Ib,
KPC-94,3007402,KPC-94,
PFM-4,3007021,PFM-4,
AAC(3)-IVa,3002539,AAC(3)-IVa,
QnrAS,3004668,QnrAS,
QnrB39,3002754,QnrB39,
QnrB75,3003187,QnrB75,
QnrB77,3003189,QnrB77,
QnrB78,3003190,QnrB78,
Mrx,3003839,Mrx,
kdpD,3004047,kdpD,
QnrB76,3003188,QnrB76,
leuO,3003843,leuO,
AAC(6')-30/AAC(6')-Ib' bifunctional protein,3002599,AAC(6')-30/AAC(6')-Ib' bifunctional protein,
AAC(6')-I33,3002587,AAC(6')-I33,
ANT(3'')-II-AAC(6')-IId bifunctional protein,3002598,ANT(3'')-II-AAC(6')-IId bifunctional protein,
APH(3')-IXa,3004087,APH(3')-IXa,
Klebsiella pneumoniae lamB with mutations conferring resistance to ceftazidime-avibactam,3007420,Klebsiella pneumoniae lamB with mutations conferring resistance to ceftazidime-avibactam,
Klebsiella pneumoniae PBP3 mutants conferring resistance to ceftazidime-avibactam,3007421,Klebsiella pneumoniae PBP3 mutants conferring resistance to ceftazidime-avibactam,
ThfT,3007427,ThfT,
almF,3007431,almF,
almE,3007433,almE,
cfrE,3005023,cfrE,
APH(9)-Ic,3007539,APH(9)-Ic,
Mycobacterium tuberculosis 16S rRNA (rrnS) mutation conferring resistance to amikacin,3007536,Mycobacterium tuberculosis 16S rRNA (rrnS) mutation conferring resistance to amikacin,
Mycobacterium tuberculosis 16S rRNA (rrnS) mutation conferring resistance to kanamycin,3007537,Mycobacterium tuberculosis 16S rRNA (rrnS) mutation conferring resistance to kanamycin,
VIM-77,3007814,VIM-77,
VIM-79,3007816,VIM-79,
VIM-81,3007818,VIM-81,
almEFG,3007434,almEFG,
tet(62),3007492,tet(62),
AAC(6')-I-43,3004641,AAC(6')-I-43,
tet(63),3007493,tet(63),
tet(64),3007494,tet(64),
Shigella flexneri acrA,3007509,Shigella flexneri acrA,
KPC-96,3007436,KPC-96,
EBR-5,3007437,EBR-5,
LAQ-1,3007438,LAQ-1,
WUS-1,3007435,WUS-1,
SSA,3007442,SSA,
NDM-44,3007443,NDM-44,
NDM-45,3007444,NDM-45,
KPC-100,3007446,KPC-100,
NDM-46,3007445,NDM-46,
NDM-47,3007447,NDM-47,
KPC-97,3007449,KPC-97,
KPC-98,3007450,KPC-98,
TEM-246,3007448,TEM-246,
TEM-244,3007453,TEM-244,
KPC-99,3007452,KPC-99,
TEM-245,3007454,TEM-245,
dfrL,3007456,dfrL,
EstT,3007459,EstT,
IMP-96,3007461,IMP-96,
IMP-92,3007462,IMP-92,
IMP-93,3007463,IMP-93,
IMP-94,3007464,IMP-94,
IMP-95,3007465,IMP-95,
IND-17,3007470,IND-17,
IMP-91,3007460,IMP-91,
AAC(6')-I-48,3004638,AAC(6')-I-48,
RAD-1,3007483,RAD-1,
dfrB10,3007489,dfrB10,
dfrB11,3007490,dfrB11,
Mycobacterium abscessus atpE with mutation conferring resistance to bedaquiline,3007476,Mycobacterium abscessus atpE with mutation conferring resistance to bedaquiline,
Pseudomonas aeruginosa ampR with mutation conferring resistance to aztreonam,3007491,Pseudomonas aeruginosa ampR with mutation conferring resistance to aztreonam,
ANT(9)-Ic,3007515,ANT(9)-Ic,
MCR-3.41,3005221,MCR-3.41,
mef(C),3003745,mef(C),
mef(E),3000614,mef(E),
mef(F),3007044,mef(F),
Bacillus subtilis rpsE mutations conferring resistance to spectinomycin,3007527,Bacillus subtilis rpsE mutations conferring resistance to spectinomycin,
Streptococcus pyogenes PBP2x conferring resistance to beta-lactam antibiotics,3007531,Streptococcus pyogenes PBP2x conferring resistance to beta-lactam antibiotics,
MCR-4.7,3007533,MCR-4.7,
Erysipelothrix rhusiopathiae gyrA with mutation conferring resistance to enrofloxacin,3007544,Erysipelothrix rhusiopathiae gyrA with mutation conferring resistance to enrofloxacin,
OXA-1038,3007561,OXA-1038,
OXA-1039,3007562,OXA-1039,
FRI-11,3007632,FRI-11,
KPC-125,3007633,KPC-125,
CAE-1,3007635,CAE-1,
catA1,3002683,catA1,
Clostridioides difficile cplR,3007637,Clostridioides difficile cplR,
Clostridium perfringes cplR,3007644,Clostridium perfringes cplR,
Clostridium sporogenes cplR,3007645,Clostridium sporogenes cplR,
PSZ-1,3007648,PSZ-1,
CDA-1,3007650,CDA-1,
erm(56),3007654,erm(56),
VRA-F,3007843,VRA-F,
SIE-1,3007846,SIE-1,
putative nickel/cobalt transporter,3007659,putative nickel/cobalt transporter,
Mycobacterium tuberculosis ddn mutation conferring resistance to nitroimidazole antibiotics,3007661,Mycobacterium tuberculosis ddn mutation conferring resistance to nitroimidazole antibiotics,
Rv1877,3007662,Rv1877,
VIM-76,3007813,VIM-76,
VIM-78,3007815,VIM-78,
VIM-80,3007817,VIM-80,
VIM-82,3007819,VIM-82,
VIM-83,3007820,VIM-83,
VIM-84,3007821,VIM-84,
aadT,3007669,aadT,
Clostridioides difficile nimB,3007671,Clostridioides difficile nimB,
RSA1-1,3004444,RSA1-1,
IreK,3007678,IreK,
OXA-481,3003638,OXA-481,
TEM-103,3000966,TEM-103,
TEM-61,3000930,TEM-61,
OKP-B-14,3002447,OKP-B-14,
OXA-105,3001708,OXA-105,
Mycobacterium tuberculosis Rv0678 with mutation conferring resistance to bedaquiline,3007674,Mycobacterium tuberculosis Rv0678 with mutation conferring resistance to bedaquiline,
Mycobacterium tuberculosis Rv2535c with mutation conferring resistance to bedaquiline,3007692,Mycobacterium tuberculosis Rv2535c with mutation conferring resistance to bedaquiline,
AMZ-1,3007694,AMZ-1,
CMY-185,3007695,CMY-185,
NWM-1,3007848,NWM-1,
Salmonella gallinarum folP with mutation conferring resistance to sulfonamides,3007749,Salmonella gallinarum folP with mutation conferring resistance to sulfonamides,
Salmonella isangi gyrA conferring resistance to fluoroquinolones,3007751,Salmonella isangi gyrA conferring resistance to fluoroquinolones,
Salmonella isangi gyrB conferring resistance to fluoroquinolones,3007752,Salmonella isangi gyrB conferring resistance to fluoroquinolones,
MdtQ,3007682,MdtQ,
Treponema pallidum 23S rRNA with mutation conferring resistance to erythromycin,3007759,Treponema pallidum 23S rRNA with mutation conferring resistance to erythromycin,
aac(6')-Ib-cr10,3007770,aac(6')-Ib-cr10,
aac(6')-Ib-cr11,3007771,aac(6')-Ib-cr11,
Vibrio vulnificus rpoB mutants conferring resistance to rifampin,3007794,Vibrio vulnificus rpoB mutants conferring resistance to rifampin,
OXA-410,3001601,OXA-410,
TEM-1,3000873,TEM-1,
Mycobacterium tuberculosis iniA mutations conferring resistance to isoniazid,3007798,Mycobacterium tuberculosis iniA mutations conferring resistance to isoniazid,
RATA-1,3007801,RATA-1,
RATA-2,3007802,RATA-2,
Neisseria gonorrhoeae gyrA with mutations conferring resistance to fluoroquinolones,3003928,Neisseria gonorrhoeae gyrA with mutations conferring resistance to fluoroquinolones,
CARB-56,3007803,CARB-56,
VIM-74,3007804,VIM-74,
VIM-75,3007812,VIM-75,
VIM-85,3007822,VIM-85,
VIM-86,3007823,VIM-86,
VIM-87,3007824,VIM-87,
GES-47,3007825,GES-47,
GES-48,3007826,GES-48,
GES-49,3007827,GES-49,
GES-50,3007828,GES-50,
GES-51,3007829,GES-51,
GES-52,3007830,GES-52,
GES-53,3007831,GES-53,
GES-54,3007832,GES-54,
GES-55,3007833,GES-55,
GES-56,3007834,GES-56,
GES-57,3007835,GES-57,
CARB-57,3007836,CARB-57,
CARB-58,3007837,CARB-58,
tet(65),3007838,tet(65),
CIM-1,3007840,CIM-1,
KPC-135,3007844,KPC-135,
Mycobacterium tuberculosis Rv0678 with mutation conferring resistance to clofazimine,3007852,Mycobacterium tuberculosis Rv0678 with mutation conferring resistance to clofazimine,
Mycobacterium tuberculosis atpE with mutation conferring resistance to bedaquiline,3007854,Mycobacterium tuberculosis atpE with mutation conferring resistance to bedaquiline,
KPC-134,3007857,KPC-134,
BIM-1,3007859,BIM-1,
CHM-1,3007855,CHM-1,
DYB-1,3007861,DYB-1,
ACT-100,3007883,ACT-100,
ACT-101,3007884,ACT-101,
ACT-102,3007885,ACT-102,
ACT-103,3007886,ACT-103,
ACT-104,3007887,ACT-104,
ACT-105,3007888,ACT-105,
ACT-106,3007889,ACT-106,
ACT-107,3007890,ACT-107,
ACT-108,3007891,ACT-108,
ACT-109,3007892,ACT-109,
ACT-110,3007893,ACT-110,
ACT-111,3007894,ACT-111,
ACT-112,3007895,ACT-112,
ACT-113,3007896,ACT-113,
ACT-115,3007897,ACT-115,
ACT-116,3007898,ACT-116,
ACT-117,3007899,ACT-117,
ACT-118,3007900,ACT-118,
ACT-119,3007901,ACT-119,
ACT-120,3007902,ACT-120,
ACT-121,3007903,ACT-121,
ACT-122,3007904,ACT-122,
ACT-123,3007905,ACT-123,
ACT-124,3007906,ACT-124,
ACT-131,3007907,ACT-131,
ACT-140,3007908,ACT-140,
ACT-141,3007909,ACT-141,
ACT-142,3007910,ACT-142,
ACT-143,3007911,ACT-143,
ACT-144,3007912,ACT-144,
ACT-145,3007913,ACT-145,
ACT-146,3007914,ACT-146,
ACT-148,3007915,ACT-148,
ACT-150,3007916,ACT-150,
ACT-151,3007917,ACT-151,
ACT-153,3007918,ACT-153,
ACT-154,3007919,ACT-154,
ACT-155,3007920,ACT-155,
ACT-156,3007921,ACT-156,
ACT-157,3007922,ACT-157,
ACT-158,3007923,ACT-158,
ACT-159,3007924,ACT-159,
ACT-160,3007925,ACT-160,
ACT-161,3007926,ACT-161,
ACT-162,3007927,ACT-162,
ACT-165,3007928,ACT-165,
ACT-166,3007929,ACT-166,
ACT-167,3007930,ACT-167,
ACT-168,3007931,ACT-168,
ACT-169,3007932,ACT-169,
ACT-170,3007933,ACT-170,
ACT-171,3007934,ACT-171,
ACT-172,3007935,ACT-172,
ACT-173,3007936,ACT-173,
ACT-174,3007937,ACT-174,
ACT-175,3007938,ACT-175,
ACT-176,3007939,ACT-176,
ACT-177,3007940,ACT-177,
ACT-178,3007941,ACT-178,
ACT-179,3007942,ACT-179,
ACT-180,3007943,ACT-180,
ACT-181,3007944,ACT-181,
ACT-182,3007945,ACT-182,
ACT-183,3007946,ACT-183,
ACT-184,3007947,ACT-184,
ACT-185,3007948,ACT-185,
ACT-186,3007949,ACT-186,
ACT-187,3007950,ACT-187,
ACT-188,3007951,ACT-188,
ACT-189,3007952,ACT-189,
ACT-190,3007953,ACT-190,
ACT-191,3007954,ACT-191,
ACT-192,3007955,ACT-192,
ACT-193,3007956,ACT-193,
ACT-194,3007957,ACT-194,
ACT-85,3007958,ACT-85,
ACT-86,3007959,ACT-86,
ACT-88,3007960,ACT-88,
ACT-89,3007961,ACT-89,
ACT-90,3007962,ACT-90,
ACT-91,3007963,ACT-91,
ACT-92,3007964,ACT-92,
ACT-93,3007965,ACT-93,
ACT-94,3007966,ACT-94,
ACT-95,3007967,ACT-95,
ACT-96,3007968,ACT-96,
ACT-97,3007969,ACT-97,
ACT-98,3007970,ACT-98,
ACT-99,3007971,ACT-99,
ACT-GC1,3007972,ACT-GC1,
ADC-257,3007973,ADC-257,
ADC-258,3007974,ADC-258,
ADC-259,3007975,ADC-259,
ADC-260,3007976,ADC-260,
ADC-261,3007977,ADC-261,
ADC-262,3007978,ADC-262,
ADC-263,3007979,ADC-263,
ADC-264,3007980,ADC-264,
ADC-265,3007981,ADC-265,
ADC-266,3007982,ADC-266,
ADC-267,3007983,ADC-267,
ADC-268,3007984,ADC-268,
ADC-269,3007985,ADC-269,
ADC-270,3007986,ADC-270,
ADC-271,3007987,ADC-271,
ADC-272,3007988,ADC-272,
ADC-273,3007989,ADC-273,
ADC-274,3007990,ADC-274,
ADC-275,3007991,ADC-275,
ADC-276,3007992,ADC-276,
ADC-277,3007993,ADC-277,
ADC-278,3007994,ADC-278,
ADC-279,3007995,ADC-279,
ADC-280,3007996,ADC-280,
ADC-281,3007997,ADC-281,
ADC-282,3007998,ADC-282,
ADC-283,3007999,ADC-283,
ADC-284,3008000,ADC-284,
ADC-285,3008001,ADC-285,
ADC-286,3008002,ADC-286,
ADC-287,3008003,ADC-287,
ADC-288,3008004,ADC-288,
ADC-289,3008005,ADC-289,
ADC-290,3008006,ADC-290,
ADC-291,3008007,ADC-291,
ADC-292,3008008,ADC-292,
ADC-293,3008009,ADC-293,
ADC-294,3008010,ADC-294,
ADC-295,3008011,ADC-295,
ADC-302,3008012,ADC-302,
ADC-303,3008013,ADC-303,
ADC-304,3008014,ADC-304,
ADC-305,3008015,ADC-305,
ADC-306,3008016,ADC-306,
ADC-307,3008017,ADC-307,
ADC-308,3008018,ADC-308,
ADC-309,3008019,ADC-309,
ADC-310,3008020,ADC-310,
ADC-311,3008021,ADC-311,
ADC-312,3008022,ADC-312,
ADC-313,3008023,ADC-313,
ADC-314,3008024,ADC-314,
ADC-315,3008025,ADC-315,
ADC-316,3008026,ADC-316,
ADC-317,3008027,ADC-317,
ADC-318,3008028,ADC-318,
ADC-319,3008029,ADC-319,
ADC-320,3008030,ADC-320,
ADC-321,3008031,ADC-321,
ADC-322,3008032,ADC-322,
ADC-323,3008033,ADC-323,
ADC-324,3008034,ADC-324,
ADC-325,3008035,ADC-325,
ADC-326,3008036,ADC-326,
ADC-327,3008037,ADC-327,
ADC-328,3008038,ADC-328,
ADC-329,3008039,ADC-329,
ADC-330,3008040,ADC-330,
ADC-331,3008041,ADC-331,
ADC-332,3008042,ADC-332,
ADC-333,3008043,ADC-333,
ADC-334,3008044,ADC-334,
ADC-335,3008045,ADC-335,
ADC-336,3008046,ADC-336,
ADC-337,3008047,ADC-337,
ADC-338,3008048,ADC-338,
ADC-339,3008049,ADC-339,
ADC-340,3008050,ADC-340,
ADC-341,3008051,ADC-341,
ADC-342,3008052,ADC-342,
ADC-343,3008053,ADC-343,
ADC-344,3008054,ADC-344,
ADC-345,3008055,ADC-345,
ADC-346,3008056,ADC-346,
ADC-347,3008057,ADC-347,
ADC-348,3008058,ADC-348,
ADC-349,3008059,ADC-349,
ADC-350,3008060,ADC-350,
ADC-351,3008061,ADC-351,
ADC-352,3008062,ADC-352,
ADC-353,3008063,ADC-353,
ADC-354,3008064,ADC-354,
ADC-355,3008065,ADC-355,
ADC-356,3008066,ADC-356,
ADC-357,3008067,ADC-357,
ADC-358,3008068,ADC-358,
ADC-359,3008069,ADC-359,
AFM-3,3008070,AFM-3,
AFM-4,3008071,AFM-4,
AFM-5,3008072,AFM-5,
AIM-2,3008073,AIM-2,
ASU1-1,3008074,ASU1-1,
AXC-6,3008075,AXC-6,
AXC-7,3008076,AXC-7,
AXC-8,3008077,AXC-8,
B3SU1-1,3008078,B3SU1-1,
B3SU2-1,3008079,B3SU2-1,
BIC-2,3008080,BIC-2,
BMHC-1,3008081,BMHC-1,
BOR-1,3008082,BOR-1,
CAM-2,3008083,CAM-2,
CME-3,3008084,CME-3,
CMH-10,3008085,CMH-10,
CMH-11,3008086,CMH-11,
CMH-12,3008087,CMH-12,
CMH-13,3008088,CMH-13,
CMH-14,3008089,CMH-14,
CMH-15,3008090,CMH-15,
CMH-16,3008091,CMH-16,
CMH-17,3008092,CMH-17,
CMH-18,3008093,CMH-18,
CMH-19,3008094,CMH-19,
CMH-20,3008095,CMH-20,
CMH-21,3008096,CMH-21,
CMH-24,3008097,CMH-24,
CMH-25,3008098,CMH-25,
CMH-29,3008102,CMH-29,
CMH-30,3008103,CMH-30,
CMH-31,3008104,CMH-31,
CMH-32,3008105,CMH-32,
CMH-33,3008106,CMH-33,
CMH-34,3008107,CMH-34,
CMH-7,3008108,CMH-7,
CMH-8,3008109,CMH-8,
CMH-9,3008110,CMH-9,
CMY-172,3008111,CMY-172,
CMY-175,3008112,CMY-175,
CMY-176,3008113,CMY-176,
CMY-177,3008114,CMY-177,
CMY-178,3008115,CMY-178,
CMY-179,3008116,CMY-179,
CMY-180,3008117,CMY-180,
CMY-181,3008118,CMY-181,
CMY-182,3008119,CMY-182,
CMY-183,3008120,CMY-183,
CMY-184,3008121,CMY-184,
CMY-186,3008122,CMY-186,
CMY-188,3008123,CMY-188,
CMY-189,3008124,CMY-189,
CMY-190,3008125,CMY-190,
CMY-191,3008126,CMY-191,
CMH-28,3008101,CMH-28,
CMH-27,3008100,CMH-27,
CMY-192,3008127,CMY-192,
CMY-194,3008128,CMY-194,
CMY-195,3008129,CMY-195,
CMY-196,3008130,CMY-196,
CMY-197,3008131,CMY-197,
CMY-198,3008132,CMY-198,
CMY-199,3008133,CMY-199,
CTX-M-243,3008134,CTX-M-243,
CTX-M-245,3008135,CTX-M-245,
CTX-M-246,3008136,CTX-M-246,
CTX-M-247,3008137,CTX-M-247,
CTX-M-248,3008138,CTX-M-248,
CTX-M-249,3008139,CTX-M-249,
CTX-M-251,3008140,CTX-M-251,
CTX-M-252,3008141,CTX-M-252,
CTX-M-253,3008142,CTX-M-253,
CTX-M-254,3008143,CTX-M-254,
CTX-M-255,3008144,CTX-M-255,
CTX-M-256,3008145,CTX-M-256,
CTX-M-257,3008146,CTX-M-257,
CTX-M-258,3008147,CTX-M-258,
CTX-M-259,3008148,CTX-M-259,
CTX-M-261,3008150,CTX-M-261,
CTX-M-262,3008151,CTX-M-262,
CTX-M-263,3008152,CTX-M-263,
CTX-M-264,3008153,CTX-M-264,
CTX-M-265,3008154,CTX-M-265,
CTX-M-266,3008155,CTX-M-266,
CTX-M-267,3008156,CTX-M-267,
CTX-M-268,3008157,CTX-M-268,
CTX-M-269,3008158,CTX-M-269,
CTX-M-270,3008159,CTX-M-270,
CTX-M-271,3008160,CTX-M-271,
CTX-M-272,3008161,CTX-M-272,
CTX-M-273,3008162,CTX-M-273,
CTX-M-274,3008163,CTX-M-274,
CTX-M-275,3008164,CTX-M-275,
CTX-M-276,3008165,CTX-M-276,
CTX-M-277,3008166,CTX-M-277,
CTX-M-278,3008167,CTX-M-278,
DHA-30,3008168,DHA-30,
DHA-31,3008169,DHA-31,
DHA-32,3008170,DHA-32,
DHA-33,3008171,DHA-33,
DHA-34,3008172,DHA-34,
FONA-10,3008173,FONA-10,
FONA-11,3008174,FONA-11,
FONA-12,3008175,FONA-12,
FONA-13,3008176,FONA-13,
FONA-7,3008177,FONA-7,
FONA-8,3008178,FONA-8,
FONA-9,3008179,FONA-9,
FOX-18,3008180,FOX-18,
FOX-19,3008181,FOX-19,
FOX-20,3008182,FOX-20,
FOX-21,3008183,FOX-21,
FRI-12,3008184,FRI-12,
GES-58,3008185,GES-58,
GES-59,3008186,GES-59,
GES-60,3008187,GES-60,
GES-61,3008188,GES-61,
GES-62,3008189,GES-62,
GES-65,3008190,GES-65,
GES-66,3008191,GES-66,
GIM-3,3008192,GIM-3,
GMA-1,3008193,GMA-1,
GMA-2,3008194,GMA-2,
GOB-17,3008195,GOB-17,
GOB-47,3008196,GOB-47,
GOB-52,3008197,GOB-52,
GOB-53,3008198,GOB-53,
HBL-1,3008199,HBL-1,
HER-1,3008200,HER-1,
HER-2,3008201,HER-2,
HER-3,3008202,HER-3,
HER-4,3008203,HER-4,
HER-5,3008204,HER-5,
HER-6,3008205,HER-6,
HER-8,3008206,HER-8,
HMB-2,3008207,HMB-2,
IMI-10,3008208,IMI-10,
IMI-22,3008209,IMI-22,
IMI-23,3008210,IMI-23,
IMI-24,3008211,IMI-24,
IMI-25,3008212,IMI-25,
IMI-26,3008213,IMI-26,
IMI-27,3008214,IMI-27,
IMP-100,3008215,IMP-100,
IMP-101,3008216,IMP-101,
IMP-102,3008217,IMP-102,
IMP-104,3008218,IMP-104,
IMP-105,3008219,IMP-105,
IMP-86,3008220,IMP-86,
IMP-87,3008221,IMP-87,
IMP-90,3008222,IMP-90,
IMP-97,3008223,IMP-97,
IMP-98,3008224,IMP-98,
IMP-99,3008225,IMP-99,
IND-18,3008226,IND-18,
IND-19,3008227,IND-19,
KHM-2,3008228,KHM-2,
KLUC-6,3008229,KLUC-6,
KLUG-1,3008230,KLUG-1,
KPC-101,3008231,KPC-101,
KPC-102,3008232,KPC-102,
KPC-103,3008233,KPC-103,
KPC-104,3008234,KPC-104,
KPC-105,3008235,KPC-105,
KPC-106,3008236,KPC-106,
KPC-107,3008237,KPC-107,
KPC-108,3008238,KPC-108,
KPC-109,3008239,KPC-109,
KPC-110,3008240,KPC-110,
KPC-111,3008241,KPC-111,
KPC-112,3008242,KPC-112,
KPC-113,3008243,KPC-113,
KPC-114,3008244,KPC-114,
KPC-115,3008245,KPC-115,
KPC-116,3008246,KPC-116,
KPC-117,3008247,KPC-117,
KPC-118,3008248,KPC-118,
KPC-119,3008249,KPC-119,
KPC-120,3008250,KPC-120,
KPC-121,3008251,KPC-121,
KPC-122,3008252,KPC-122,
KPC-124,3008253,KPC-124,
KPC-126,3008254,KPC-126,
KPC-127,3008255,KPC-127,
KPC-128,3008256,KPC-128,
KPC-129,3008257,KPC-129,
KPC-130,3008258,KPC-130,
KPC-131,3008259,KPC-131,
KPC-132,3008260,KPC-132,
KPC-133,3008261,KPC-133,
KPC-136,3008262,KPC-136,
KPC-137,3008263,KPC-137,
KPC-138,3008264,KPC-138,
KPC-139,3008265,KPC-139,
KPC-140,3008266,KPC-140,
KPC-141,3008267,KPC-141,
KPC-142,3008268,KPC-142,
KPC-143,3008269,KPC-143,
KPC-144,3008270,KPC-144,
KPC-145,3008271,KPC-145,
KPC-146,3008272,KPC-146,
KPC-147,3008273,KPC-147,
KPC-148,3008274,KPC-148,
KPC-149,3008275,KPC-149,
KPC-150,3008276,KPC-150,
KPC-151,3008277,KPC-151,
KPC-152,3008278,KPC-152,
KPC-153,3008279,KPC-153,
KPC-154,3008280,KPC-154,
KPC-155,3008281,KPC-155,
KPC-156,3008282,KPC-156,
KPC-157,3008283,KPC-157,
KPC-158,3008284,KPC-158,
KPC-159,3008285,KPC-159,
KPC-160,3008286,KPC-160,
KPC-161,3008287,KPC-161,
KPC-162,3008288,KPC-162,
KPC-163,3008289,KPC-163,
KPC-164,3008290,KPC-164,
KPC-165,3008291,KPC-165,
KPC-166,3008292,KPC-166,
KPC-167,3008293,KPC-167,
KPC-168,3008294,KPC-168,
KPC-169,3008295,KPC-169,
KPC-170,3008296,KPC-170,
KPC-171,3008297,KPC-171,
KPC-172,3008298,KPC-172,
KPC-173,3008299,KPC-173,
KPC-174,3008300,KPC-174,
KPC-175,3008301,KPC-175,
KPC-176,3008302,KPC-176,
KPC-177,3008303,KPC-177,
KPC-178,3008304,KPC-178,
KPC-179,3008305,KPC-179,
KPC-180,3008306,KPC-180,
KPC-181,3008307,KPC-181,
KPC-182,3008308,KPC-182,
KPC-183,3008309,KPC-183,
KPC-184,3008310,KPC-184,
KPC-185,3008311,KPC-185,
KPC-186,3008312,KPC-186,
KPC-187,3008313,KPC-187,
KPC-188,3008314,KPC-188,
KPC-189,3008315,KPC-189,
KPC-190,3008316,KPC-190,
KPC-191,3008317,KPC-191,
KPC-192,3008318,KPC-192,
KPC-193,3008319,KPC-193,
KPC-194,3008320,KPC-194,
KPC-195,3008321,KPC-195,
KPC-196,3008322,KPC-196,
KPC-197,3008323,KPC-197,
KPC-201,3008324,KPC-201,
KPC-202,3008325,KPC-202,
KPC-203,3008326,KPC-203,
KPC-204,3008327,KPC-204,
KPC-205,3008328,KPC-205,
KPC-206,3008329,KPC-206,
KPC-207,3008330,KPC-207,
KPC-208,3008331,KPC-208,
KPC-209,3008332,KPC-209,
KPC-211,3008333,KPC-211,
KPC-212,3008334,KPC-212,
KPC-213,3008335,KPC-213,
KPC-214,3008336,KPC-214,
KPC-215,3008337,KPC-215,
KPC-216,3008338,KPC-216,
KPC-217,3008339,KPC-217,
KPC-218,3008340,KPC-218,
KPC-223,3008341,KPC-223,
KPC-224,3008342,KPC-224,
KPC-225,3008343,KPC-225,
KPC-226,3008344,KPC-226,
KPC-227,3008345,KPC-227,
KPC-228,3008346,KPC-228,
KPC-230,3008347,KPC-230,
KPC-231,3008348,KPC-231,
KPC-232,3008349,KPC-232,
KPC-233,3008350,KPC-233,
KPC-234,3008351,KPC-234,
KPC-236,3008352,KPC-236,
KPC-237,3008353,KPC-237,
KPC-238,3008354,KPC-238,
KPC-239,3008355,KPC-239,
KPC-240,3008356,KPC-240,
KPC-241,3008357,KPC-241,
KPC-242,3008358,KPC-242,
KPC-47,3008359,KPC-47,
KPC-48,3008360,KPC-48,
KPC-53,3008361,KPC-53,
KPC-67,3008362,KPC-67,
KPC-68,3008363,KPC-68,
KPC-69,3008364,KPC-69,
KPC-70,3008365,KPC-70,
KPC-84,3008366,KPC-84,
KPC-85,3008367,KPC-85,
KPC-88,3008368,KPC-88,
KPC-89,3008369,KPC-89,
KPC-91,3008370,KPC-91,
KPC-92,3008371,KPC-92,
LHK-7,3008372,LHK-7,
MIR-24,3008373,MIR-24,
MIR-25,3008374,MIR-25,
MIR-27,3008375,MIR-27,
MIR-28,3008376,MIR-28,
MIR-30,3008377,MIR-30,
MIR-31,3008378,MIR-31,
MIR-32,3008379,MIR-32,
MIR-33,3008380,MIR-33,
MIR-34,3008381,MIR-34,
MIR-35,3008382,MIR-35,
MOX-15,3008383,MOX-15,
MOX-16,3008384,MOX-16,
MOX-17,3008385,MOX-17,
MOX-18,3008386,MOX-18,
MOX-19,3008387,MOX-19,
MOX-20,3008388,MOX-20,
MOX-21,3008389,MOX-21,
MOX-22,3008390,MOX-22,
MOX-23,3008391,MOX-23,
MOX-24,3008392,MOX-24,
MOX-25,3008393,MOX-25,
MUN-1,3008394,MUN-1,
MUN-6,3008395,MUN-6,
NDM-48,3008396,NDM-48,
NDM-49,3008397,NDM-49,
NDM-50,3008398,NDM-50,
NDM-51,3008399,NDM-51,
NDM-52,3008400,NDM-52,
NDM-53,3008401,NDM-53,
NDM-54,3008402,NDM-54,
NDM-55,3008403,NDM-55,
NDM-56,3008404,NDM-56,
NDM-57,3008405,NDM-57,
NDM-58,3008406,NDM-58,
NDM-60,3008407,NDM-60,
NDM-61,3008408,NDM-61,
NDM-64,3008409,NDM-64,
NDM-65,3008410,NDM-65,
NDM-66,3008411,NDM-66,
NDM-67,3008412,NDM-67,
NDM-68,3008413,NDM-68,
NDM-69,3008414,NDM-69,
NDM-70,3008415,NDM-70,
NDM-71,3008416,NDM-71,
NDM-72,3008417,NDM-72,
NDM-73,3008418,NDM-73,
NDM-74,3008419,NDM-74,
OXA-1000,3008421,OXA-1000,
OXA-1001,3008422,OXA-1001,
OXA-1002,3008423,OXA-1002,
OXA-1003,3008424,OXA-1003,
OXA-1004,3008425,OXA-1004,
OXA-1005,3008426,OXA-1005,
OXA-1006,3008427,OXA-1006,
OXA-1007,3008428,OXA-1007,
OXA-1008,3008429,OXA-1008,
OXA-1009,3008430,OXA-1009,
OXA-1010,3008431,OXA-1010,
OXA-1012,3008433,OXA-1012,
OXA-1013,3008434,OXA-1013,
OXA-1014,3008435,OXA-1014,
OXA-1015,3008436,OXA-1015,
OXA-1011,3008432,OXA-1011,
OXA-1016,3008437,OXA-1016,
OXA-1017,3008438,OXA-1017,
OXA-1018,3008439,OXA-1018,
OXA-1019,3008440,OXA-1019,
OXA-1020,3008441,OXA-1020,
OXA-1021,3008442,OXA-1021,
OXA-1022,3008443,OXA-1022,
OXA-1023,3008444,OXA-1023,
OXA-1024,3008445,OXA-1024,
OXA-1025,3008446,OXA-1025,
OXA-1026,3008447,OXA-1026,
OXA-1027,3008448,OXA-1027,
OXA-1028,3008449,OXA-1028,
OXA-1029,3008450,OXA-1029,
OXA-1030,3008451,OXA-1030,
OXA-1031,3008452,OXA-1031,
OXA-1032,3008453,OXA-1032,
OXA-1033,3008454,OXA-1033,
OXA-1034,3008455,OXA-1034,
OXA-1035,3008456,OXA-1035,
OXA-1036,3008457,OXA-1036,
OXA-1037,3008458,OXA-1037,
OXA-1040,3008459,OXA-1040,
OXA-1041,3008460,OXA-1041,
OXA-1042,3008461,OXA-1042,
OXA-1043,3008462,OXA-1043,
OXA-1044,3008463,OXA-1044,
OXA-1045,3008464,OXA-1045,
OXA-1046,3008465,OXA-1046,
OXA-1047,3008466,OXA-1047,
OXA-1048,3008467,OXA-1048,
OXA-1049,3008468,OXA-1049,
OXA-1050,3008469,OXA-1050,
OXA-1051,3008470,OXA-1051,
OXA-1052,3008471,OXA-1052,
OXA-1053,3008472,OXA-1053,
OXA-1055,3008473,OXA-1055,
OXA-1056,3008474,OXA-1056,
OXA-1057,3008475,OXA-1057,
OXA-1058,3008476,OXA-1058,
OXA-1059,3008477,OXA-1059,
OXA-1060,3008478,OXA-1060,
OXA-1061,3008479,OXA-1061,
OXA-1062,3008480,OXA-1062,
OXA-1063,3008481,OXA-1063,
OXA-1064,3008482,OXA-1064,
OXA-1065,3008483,OXA-1065,
OXA-1066,3008484,OXA-1066,
OXA-1067,3008485,OXA-1067,
OXA-1068,3008486,OXA-1068,
OXA-1069,3008487,OXA-1069,
OXA-1070,3008488,OXA-1070,
OXA-1071,3008489,OXA-1071,
OXA-1072,3008490,OXA-1072,
OXA-1073,3008491,OXA-1073,
OXA-1074,3008492,OXA-1074,
OXA-1075,3008493,OXA-1075,
OXA-1076,3008494,OXA-1076,
OXA-1077,3008495,OXA-1077,
OXA-1078,3008496,OXA-1078,
OXA-1079,3008497,OXA-1079,
OXA-1080,3008498,OXA-1080,
OXA-1081,3008499,OXA-1081,
OXA-1082,3008500,OXA-1082,
OXA-1083,3008501,OXA-1083,
OXA-1084,3008502,OXA-1084,
OXA-1085,3008503,OXA-1085,
OXA-1086,3008504,OXA-1086,
OXA-1087,3008505,OXA-1087,
OXA-1088,3008506,OXA-1088,
OXA-1089,3008507,OXA-1089,
OXA-1090,3008508,OXA-1090,
OXA-1091,3008509,OXA-1091,
OXA-1092,3008510,OXA-1092,
OXA-1093,3008511,OXA-1093,
OXA-1094,3008512,OXA-1094,
OXA-1095,3008513,OXA-1095,
OXA-1096,3008514,OXA-1096,
OXA-1097,3008515,OXA-1097,
OXA-1098,3008516,OXA-1098,
OXA-1099,3008517,OXA-1099,
OXA-1100,3008518,OXA-1100,
OXA-1101,3008519,OXA-1101,
OXA-1102,3008520,OXA-1102,
OXA-1103,3008521,OXA-1103,
OXA-1104,3008522,OXA-1104,
OXA-1105,3008523,OXA-1105,
OXA-1106,3008524,OXA-1106,
OXA-1107,3008525,OXA-1107,
OXA-1108,3008526,OXA-1108,
OXA-1109,3008527,OXA-1109,
OXA-1110,3008528,OXA-1110,
OXA-1111,3008529,OXA-1111,
OXA-1112,3008530,OXA-1112,
OXA-1113,3008531,OXA-1113,
OXA-1114,3008532,OXA-1114,
OXA-1115,3008533,OXA-1115,
OXA-1116,3008534,OXA-1116,
OXA-1117,3008535,OXA-1117,
OXA-1118,3008536,OXA-1118,
OXA-1119,3008537,OXA-1119,
OXA-1120,3008538,OXA-1120,
OXA-1121,3008539,OXA-1121,
OXA-1122,3008540,OXA-1122,
OXA-1123,3008541,OXA-1123,
OXA-1124,3008542,OXA-1124,
OXA-1125,3008543,OXA-1125,
OXA-1126,3008544,OXA-1126,
OXA-1127,3008545,OXA-1127,
OXA-1128,3008546,OXA-1128,
OXA-1129,3008547,OXA-1129,
OXA-1130,3008548,OXA-1130,
OXA-1131,3008549,OXA-1131,
OXA-1132,3008550,OXA-1132,
OXA-1133,3008551,OXA-1133,
OXA-1134,3008552,OXA-1134,
OXA-1135,3008553,OXA-1135,
OXA-1136,3008554,OXA-1136,
OXA-1137,3008555,OXA-1137,
OXA-1138,3008556,OXA-1138,
OXA-1139,3008557,OXA-1139,
OXA-1140,3008558,OXA-1140,
OXA-1141,3008559,OXA-1141,
OXA-1142,3008560,OXA-1142,
OXA-1143,3008561,OXA-1143,
OXA-1144,3008562,OXA-1144,
OXA-1145,3008563,OXA-1145,
OXA-1146,3008564,OXA-1146,
OXA-1147,3008565,OXA-1147,
OXA-1148,3008566,OXA-1148,
OXA-1149,3008567,OXA-1149,
OXA-1150,3008568,OXA-1150,
OXA-1151,3008569,OXA-1151,
OXA-1152,3008570,OXA-1152,
OXA-1153,3008571,OXA-1153,
OXA-1154,3008572,OXA-1154,
OXA-1155,3008573,OXA-1155,
OXA-1156,3008574,OXA-1156,
OXA-1157,3008575,OXA-1157,
OXA-1158,3008576,OXA-1158,
OXA-1159,3008577,OXA-1159,
OXA-1160,3008578,OXA-1160,
OXA-1161,3008579,OXA-1161,
OXA-1162,3008580,OXA-1162,
OXA-1163,3008581,OXA-1163,
OXA-1164,3008582,OXA-1164,
OXA-1165,3008583,OXA-1165,
OXA-1166,3008584,OXA-1166,
OXA-1167,3008585,OXA-1167,
OXA-1168,3008586,OXA-1168,
OXA-1169,3008587,OXA-1169,
OXA-1170,3008588,OXA-1170,
OXA-1171,3008589,OXA-1171,
OXA-1172,3008590,OXA-1172,
OXA-1173,3008591,OXA-1173,
OXA-1174,3008592,OXA-1174,
OXA-1175,3008593,OXA-1175,
OXA-1176,3008594,OXA-1176,
OXA-1177,3008595,OXA-1177,
OXA-1178,3008596,OXA-1178,
OXA-1181,3008597,OXA-1181,
OXA-1182,3008598,OXA-1182,
OXA-1183,3008599,OXA-1183,
OXA-1184,3008600,OXA-1184,
OXA-1185,3008601,OXA-1185,
OXA-1186,3008602,OXA-1186,
OXA-1187,3008603,OXA-1187,
OXA-1188,3008604,OXA-1188,
OXA-1189,3008605,OXA-1189,
OXA-1190,3008606,OXA-1190,
OXA-1191,3008607,OXA-1191,
OXA-1193,3008608,OXA-1193,
OXA-1194,3008609,OXA-1194,
OXA-1198,3008610,OXA-1198,
OXA-1199,3008611,OXA-1199,
OXA-1200,3008612,OXA-1200,
OXA-1201,3008613,OXA-1201,
OXA-1202,3008614,OXA-1202,
OXA-1203,3008615,OXA-1203,
OXA-1204,3008616,OXA-1204,
OXA-1205,3008617,OXA-1205,
OXA-1206,3008618,OXA-1206,
OXA-1207,3008619,OXA-1207,
OXA-1208,3008620,OXA-1208,
OXA-1211,3008621,OXA-1211,
OXA-1212,3008622,OXA-1212,
OXA-1213,3008623,OXA-1213,
OXA-1214,3008624,OXA-1214,
OXA-1215,3008625,OXA-1215,
OXA-1216,3008626,OXA-1216,
OXA-1217,3008627,OXA-1217,
OXA-1218,3008628,OXA-1218,
OXA-1219,3008629,OXA-1219,
OXA-1220,3008630,OXA-1220,
OXA-1221,3008631,OXA-1221,
OXA-1222,3008632,OXA-1222,
OXA-1223,3008633,OXA-1223,
OXA-1224,3008634,OXA-1224,
OXA-1225,3008635,OXA-1225,
OXA-1226,3008636,OXA-1226,
OXA-1227,3008637,OXA-1227,
OXA-1228,3008638,OXA-1228,
OXA-1229,3008639,OXA-1229,
OXA-1230,3008640,OXA-1230,
OXA-1231,3008641,OXA-1231,
OXA-1232,3008642,OXA-1232,
OXA-1233,3008643,OXA-1233,
OXA-1234,3008644,OXA-1234,
OXA-1235,3008645,OXA-1235,
OXA-1236,3008646,OXA-1236,
OXA-1237,3008647,OXA-1237,
OXA-1238,3008648,OXA-1238,
OXA-1239,3008649,OXA-1239,
OXA-1240,3008650,OXA-1240,
OXA-1241,3008651,OXA-1241,
OXA-1242,3008652,OXA-1242,
OXA-1243,3008653,OXA-1243,
OXA-1244,3008654,OXA-1244,
OXA-1245,3008655,OXA-1245,
OXA-1246,3008656,OXA-1246,
OXA-1247,3008657,OXA-1247,
OXA-1248,3008658,OXA-1248,
OXA-1249,3008659,OXA-1249,
OXA-1250,3008660,OXA-1250,
OXA-1251,3008661,OXA-1251,
OXA-1252,3008662,OXA-1252,
OXA-1253,3008663,OXA-1253,
OXA-1254,3008664,OXA-1254,
OXA-1255,3008665,OXA-1255,
OXA-1256,3008666,OXA-1256,
OXA-1257,3008667,OXA-1257,
OXA-1258,3008668,OXA-1258,
OXA-1259,3008669,OXA-1259,
OXA-1260,3008670,OXA-1260,
OXA-1261,3008671,OXA-1261,
OXA-1262,3008672,OXA-1262,
OXA-1263,3008673,OXA-1263,
OXA-1264,3008674,OXA-1264,
OXA-1265,3008675,OXA-1265,
OXA-1266,3008676,OXA-1266,
OXA-1267,3008677,OXA-1267,
OXA-1268,3008678,OXA-1268,
OXA-1269,3008679,OXA-1269,
OXA-1270,3008680,OXA-1270,
OXA-1271,3008681,OXA-1271,
OXA-1272,3008682,OXA-1272,
OXA-1273,3008683,OXA-1273,
OXA-1274,3008684,OXA-1274,
OXA-1275,3008685,OXA-1275,
OXA-1276,3008686,OXA-1276,
OXA-1277,3008687,OXA-1277,
OXA-1278,3008688,OXA-1278,
OXA-1279,3008689,OXA-1279,
OXA-1280,3008690,OXA-1280,
OXA-1281,3008691,OXA-1281,
OXA-1282,3008692,OXA-1282,
OXA-1283,3008693,OXA-1283,
OXA-1284,3008694,OXA-1284,
OXA-1285,3008695,OXA-1285,
OXA-1286,3008696,OXA-1286,
OXA-1287,3008697,OXA-1287,
OXA-1288,3008698,OXA-1288,
OXA-1289,3008699,OXA-1289,
OXA-1290,3008700,OXA-1290,
OXA-1291,3008701,OXA-1291,
OXA-1292,3008702,OXA-1292,
OXA-1293,3008703,OXA-1293,
OXA-1294,3008704,OXA-1294,
OXA-1295,3008705,OXA-1295,
OXA-1296,3008706,OXA-1296,
OXA-1297,3008707,OXA-1297,
OXA-1298,3008708,OXA-1298,
OXA-1299,3008709,OXA-1299,
OXA-1300,3008710,OXA-1300,
OXA-1301,3008711,OXA-1301,
OXA-1302,3008712,OXA-1302,
OXA-1303,3008713,OXA-1303,
OXA-1304,3008714,OXA-1304,
OXA-1305,3008715,OXA-1305,
OXA-1306,3008716,OXA-1306,
OXA-1307,3008717,OXA-1307,
OXA-1308,3008718,OXA-1308,
OXA-1309,3008719,OXA-1309,
OXA-725,3008720,OXA-725,
OXA-790,3008721,OXA-790,
OXA-791,3008722,OXA-791,
OXA-933,3008723,OXA-933,
OXA-934,3008724,OXA-934,
OXA-936,3008725,OXA-936,
OXA-944,3008726,OXA-944,
OXA-950,3008727,OXA-950,
OXA-951,3008728,OXA-951,
OXA-952,3008729,OXA-952,
OXA-953,3008730,OXA-953,
OXA-954,3008731,OXA-954,
OXA-955,3008732,OXA-955,
OXA-956,3008733,OXA-956,
OXA-957,3008734,OXA-957,
OXA-958,3008735,OXA-958,
OXA-959,3008736,OXA-959,
OXA-960,3008737,OXA-960,
OXA-961,3008738,OXA-961,
OXA-962,3008739,OXA-962,
OXA-963,3008740,OXA-963,
OXA-964,3008741,OXA-964,
OXA-965,3008742,OXA-965,
OXA-966,3008743,OXA-966,
OXA-967,3008744,OXA-967,
OXA-968,3008745,OXA-968,
OXA-969,3008746,OXA-969,
OXA-970,3008747,OXA-970,
OXA-971,3008748,OXA-971,
OXA-972,3008749,OXA-972,
OXA-973,3008750,OXA-973,
OXA-974,3008751,OXA-974,
OXA-975,3008752,OXA-975,
OXA-976,3008753,OXA-976,
OXA-977,3008754,OXA-977,
OXA-978,3008755,OXA-978,
OXA-979,3008756,OXA-979,
OXA-980,3008757,OXA-980,
OXA-981,3008758,OXA-981,
OXA-982,3008759,OXA-982,
OXA-983,3008760,OXA-983,
OXA-984,3008761,OXA-984,
OXA-985,3008762,OXA-985,
OXA-986,3008763,OXA-986,
OXA-987,3008764,OXA-987,
OXA-988,3008765,OXA-988,
OXA-989,3008766,OXA-989,
OXA-990,3008767,OXA-990,
OXA-991,3008768,OXA-991,
OXA-992,3008769,OXA-992,
OXA-993,3008770,OXA-993,
OXA-994,3008771,OXA-994,
OXA-995,3008772,OXA-995,
OXA-996,3008773,OXA-996,
OXA-997,3008774,OXA-997,
OXA-998,3008775,OXA-998,
OXA-999,3008776,OXA-999,
OXY-1-11,3008777,OXY-1-11,
OXY-1-12,3008778,OXY-1-12,
OXY-1-13,3008779,OXY-1-13,
OXY-1-16,3008780,OXY-1-16,
OXY-1-17,3008781,OXY-1-17,
OXY-1-18,3008782,OXY-1-18,
OXY-1-19,3008783,OXY-1-19,
OXY-10-1,3008784,OXY-10-1,
OXY-11-1,3008785,OXY-11-1,
OXY-12-1,3008786,OXY-12-1,
OXY-12-2,3008787,OXY-12-2,
OXY-2-17,3008788,OXY-2-17,
OXY-2-18,3008789,OXY-2-18,
OXY-2-19,3008790,OXY-2-19,
OXY-2-20,3008791,OXY-2-20,
OXY-2-21,3008792,OXY-2-21,
OXY-2-22,3008793,OXY-2-22,
OXY-2-23,3008794,OXY-2-23,
OXY-2-24,3008795,OXY-2-24,
OXY-2-25,3008796,OXY-2-25,
OXY-2-26,3008797,OXY-2-26,
OXY-2-27,3008798,OXY-2-27,
OXY-2-28,3008799,OXY-2-28,
OXY-2-30,3008800,OXY-2-30,
OXY-3-2,3008801,OXY-3-2,
OXY-3-3,3008802,OXY-3-3,
OXY-4-2,3008803,OXY-4-2,
OXY-4-3,3008804,OXY-4-3,
OXY-4-4,3008805,OXY-4-4,
OXY-4-5,3008806,OXY-4-5,
OXY-5-10,3008807,OXY-5-10,
OXY-5-11,3008808,OXY-5-11,
OXY-5-6,3008809,OXY-5-6,
OXY-5-7,3008810,OXY-5-7,
OXY-5-8,3008811,OXY-5-8,
OXY-6-10,3008812,OXY-6-10,
OXY-6-11,3008813,OXY-6-11,
OXY-6-5,3008814,OXY-6-5,
OXY-6-7,3008815,OXY-6-7,
OXY-7-1,3008816,OXY-7-1,
OXY-8-1,3008817,OXY-8-1,
OXY-8-2,3008818,OXY-8-2,
OXY-8-3,3008819,OXY-8-3,
OXY-9-1,3008820,OXY-9-1,
PAD-1,3008821,PAD-1,
PAM-5,3008822,PAM-5,
PC1,3008823,PC1,
PDC-477,3008824,PDC-477,
PDC-478,3008825,PDC-478,
PDC-479,3008826,PDC-479,
PDC-480,3008827,PDC-480,
PDC-481,3008828,PDC-481,
PDC-482,3008829,PDC-482,
PDC-483,3008830,PDC-483,
PDC-484,3008831,PDC-484,
PDC-485,3008832,PDC-485,
PDC-486,3008833,PDC-486,
PDC-487,3008834,PDC-487,
PDC-488,3008835,PDC-488,
PDC-489,3008836,PDC-489,
PDC-490,3008837,PDC-490,
PDC-491,3008838,PDC-491,
PDC-492,3008839,PDC-492,
PDC-493,3008840,PDC-493,
PDC-494,3008841,PDC-494,
PDC-495,3008842,PDC-495,
PDC-496,3008843,PDC-496,
PDC-497,3008844,PDC-497,
PDC-498,3008845,PDC-498,
PDC-499,3008846,PDC-499,
PDC-500,3008847,PDC-500,
PDC-501,3008848,PDC-501,
PDC-502,3008849,PDC-502,
PDC-503,3008850,PDC-503,
PDC-504,3008851,PDC-504,
PDC-505,3008852,PDC-505,
PDC-506,3008853,PDC-506,
PDC-507,3008854,PDC-507,
PDC-508,3008855,PDC-508,
PDC-509,3008856,PDC-509,
PDC-510,3008857,PDC-510,
PDC-511,3008858,PDC-511,
PDC-512,3008859,PDC-512,
PDC-513,3008860,PDC-513,
PDC-514,3008861,PDC-514,
PDC-515,3008862,PDC-515,
PDC-516,3008863,PDC-516,
PDC-517,3008864,PDC-517,
PDC-518,3008865,PDC-518,
PDC-519,3008866,PDC-519,
PDC-520,3008867,PDC-520,
PDC-521,3008868,PDC-521,
PDC-522,3008869,PDC-522,
PDC-523,3008870,PDC-523,
PDC-524,3008871,PDC-524,
PDC-525,3008872,PDC-525,
PDC-526,3008873,PDC-526,
PDC-527,3008874,PDC-527,
PDC-528,3008875,PDC-528,
PDC-529,3008876,PDC-529,
PDC-530,3008877,PDC-530,
PDC-531,3008878,PDC-531,
PDC-532,3008879,PDC-532,
PDC-533,3008880,PDC-533,
PDC-534,3008881,PDC-534,
PDC-535,3008882,PDC-535,
PDC-536,3008883,PDC-536,
PDC-537,3008884,PDC-537,
PDC-538,3008885,PDC-538,
PDC-539,3008886,PDC-539,
PDC-540,3008887,PDC-540,
PDC-541,3008888,PDC-541,
PDC-542,3008889,PDC-542,
PDC-543,3008890,PDC-543,
PDC-544,3008891,PDC-544,
PDC-545,3008892,PDC-545,
PDC-546,3008893,PDC-546,
PDC-547,3008894,PDC-547,
PDC-548,3008895,PDC-548,
PDC-549,3008896,PDC-549,
PDC-550,3008897,PDC-550,
PDC-551,3008898,PDC-551,
PDC-552,3008899,PDC-552,
PDC-553,3008900,PDC-553,
PDC-554,3008901,PDC-554,
PDC-555,3008902,PDC-555,
PDC-556,3008903,PDC-556,
PDC-557,3008904,PDC-557,
PDC-558,3008905,PDC-558,
PDC-559,3008906,PDC-559,
PDC-560,3008907,PDC-560,
PDC-561,3008908,PDC-561,
PDC-562,3008909,PDC-562,
PDC-563,3008910,PDC-563,
PDC-564,3008911,PDC-564,
PDC-565,3008912,PDC-565,
PDC-566,3008913,PDC-566,
PDC-567,3008914,PDC-567,
PDC-568,3008915,PDC-568,
PDC-569,3008916,PDC-569,
PDC-570,3008917,PDC-570,
PDC-571,3008918,PDC-571,
PDC-572,3008919,PDC-572,
PDC-573,3008920,PDC-573,
PDC-574,3008921,PDC-574,
PDC-575,3008922,PDC-575,
PDC-576,3008923,PDC-576,
PDC-577,3008924,PDC-577,
PDC-578,3008925,PDC-578,
PDC-579,3008926,PDC-579,
PDC-580,3008927,PDC-580,
PDC-581,3008928,PDC-581,
PDC-582,3008929,PDC-582,
PDC-583,3008930,PDC-583,
PDC-584,3008931,PDC-584,
PDC-585,3008932,PDC-585,
PDC-586,3008933,PDC-586,
PDC-587,3008934,PDC-587,
PDC-588,3008935,PDC-588,
PDC-589,3008936,PDC-589,
PDC-590,3008937,PDC-590,
PDC-591,3008938,PDC-591,
PDC-592,3008939,PDC-592,
PDC-593,3008940,PDC-593,
PDC-594,3008941,PDC-594,
PDC-595,3008942,PDC-595,
PDC-596,3008943,PDC-596,
PDC-597,3008944,PDC-597,
PDC-598,3008945,PDC-598,
PDC-599,3008946,PDC-599,
PDC-600,3008947,PDC-600,
PDC-601,3008948,PDC-601,
PDC-602,3008949,PDC-602,
PDC-603,3008950,PDC-603,
PDC-604,3008951,PDC-604,
PDC-605,3008952,PDC-605,
PDC-606,3008953,PDC-606,
PDC-607,3008954,PDC-607,
PDC-608,3008955,PDC-608,
PDC-609,3008956,PDC-609,
PDC-610,3008957,PDC-610,
PDC-611,3008958,PDC-611,
PDC-612,3008959,PDC-612,
PDC-613,3008960,PDC-613,
PDC-614,3008961,PDC-614,
PDC-615,3008962,PDC-615,
PDC-616,3008963,PDC-616,
PDC-617,3008964,PDC-617,
PDC-618,3008965,PDC-618,
PDC-619,3008966,PDC-619,
PDC-620,3008967,PDC-620,
PDC-621,3008968,PDC-621,
PDC-622,3008969,PDC-622,
PDC-623,3008970,PDC-623,
PDC-624,3008971,PDC-624,
PDC-625,3008972,PDC-625,
PDC-626,3008973,PDC-626,
PDC-627,3008974,PDC-627,
PDC-628,3008975,PDC-628,
PDC-629,3008976,PDC-629,
PDC-630,3008977,PDC-630,
PDC-631,3008978,PDC-631,
PDC-632,3008979,PDC-632,
PDC-633,3008980,PDC-633,
PDC-634,3008981,PDC-634,
PDC-635,3008982,PDC-635,
PDC-636,3008983,PDC-636,
PDC-637,3008984,PDC-637,
PDC-638,3008985,PDC-638,
PDC-639,3008986,PDC-639,
PDC-640,3008987,PDC-640,
PEN-A10,3008988,PEN-A10,
PEN-A11,3008989,PEN-A11,
PEN-A12,3008990,PEN-A12,
PEN-A13,3008991,PEN-A13,
PEN-A15,3008992,PEN-A15,
PEN-A16,3008993,PEN-A16,
PEN-A17,3008994,PEN-A17,
PEN-A18,3008995,PEN-A18,
PEN-A19,3008996,PEN-A19,
PEN-A1,3008997,PEN-A1,
PEN-A20,3008998,PEN-A20,
PEN-A21,3008999,PEN-A21,
PEN-A22,3009000,PEN-A22,
PEN-A23,3009001,PEN-A23,
PEN-A24,3009002,PEN-A24,
PEN-A25,3009003,PEN-A25,
PEN-A26,3009004,PEN-A26,
PEN-A27,3009005,PEN-A27,
PEN-A28,3009006,PEN-A28,
PEN-A29,3009007,PEN-A29,
PEN-A2,3009008,PEN-A2,
PEN-A30,3009009,PEN-A30,
PEN-A31,3009010,PEN-A31,
PEN-A32,3009011,PEN-A32,
PEN-A33,3009012,PEN-A33,
PEN-A34,3009013,PEN-A34,
PEN-A35,3009014,PEN-A35,
PEN-A37,3009015,PEN-A37,
PEN-A38,3009016,PEN-A38,
PEN-A3,3009017,PEN-A3,
PEN-A5,3009018,PEN-A5,
PEN-A6,3009019,PEN-A6,
PEN-A7,3009020,PEN-A7,
PEN-A8,3009021,PEN-A8,
PEN-A9,3009022,PEN-A9,
PEN-B1,3009023,PEN-B1,
PEN-B2,3009024,PEN-B2,
PEN-B3,3009025,PEN-B3,
PEN-B4,3009026,PEN-B4,
PER-17,3009027,PER-17,
PER-18,3009028,PER-18,
PJM-2,3009029,PJM-2,
PLA-4,3009030,PLA-4,
PLA-5,3009031,PLA-5,
PNC-1,3009032,PNC-1,
PNC-2,3009033,PNC-2,
PNC-3,3009034,PNC-3,
RAA-1,3009035,RAA-1,
RAHN-3,3009036,RAHN-3,
RAHN-4,3009037,RAHN-4,
RAHN-5,3009038,RAHN-5,
RAHN-6,3009039,RAHN-6,
RASA-1,3009040,RASA-1,
RSC1-1,3009041,RSC1-1,
RSD1-1,3009042,RSD1-1,
SED-2,3009044,SED-2,
SFC-2,3009045,SFC-2,
SFDC-1,3009046,SFDC-1,
SHV-229,3009048,SHV-229,
SHV-230,3009049,SHV-230,
SHV-231,3009050,SHV-231,
SHV-232,3009051,SHV-232,
SHV-233,3009052,SHV-233,
SHV-234,3009053,SHV-234,
SHV-235,3009054,SHV-235,
SHV-236,3009055,SHV-236,
SHV-237,3009056,SHV-237,
SHV-238,3009057,SHV-238,
SHV-239,3009058,SHV-239,
SHV-240,3009059,SHV-240,
SHV-241,3009060,SHV-241,
SHV-242,3009061,SHV-242,
SHV-243,3009062,SHV-243,
SHV-244,3009063,SHV-244,
SHV-245,3009064,SHV-245,
SRT-4,3009065,SRT-4,
TEM-239,3009066,TEM-239,
TEM-248,3009067,TEM-248,
TEM-249,3009068,TEM-249,
TEM-250,3009069,TEM-250,
TEM-251,3009070,TEM-251,
TEM-252,3009071,TEM-252,
TEM-253,3009072,TEM-253,
TEM-254,3009073,TEM-254,
TEM-255,3009074,TEM-255,
TEM-256,3009075,TEM-256,
TEM-257,3009076,TEM-257,
TEM-258,3009077,TEM-258,
VEB-18,3009079,VEB-18,
VEB-28,3009080,VEB-28,
VEB-29,3009081,VEB-29,
VEB-30,3009082,VEB-30,
VEB-31,3009083,VEB-31,
VEB-32,3009084,VEB-32,
VEB-33,3009085,VEB-33,
VEB-34,3009086,VEB-34,
VEB-35,3009087,VEB-35,
VEB-36,3009088,VEB-36,
VEB-37,3009089,VEB-37,
VEB-38,3009090,VEB-38,
VEB-39,3009091,VEB-39,
VIM-88,3009092,VIM-88,
VIM-89,3009093,VIM-89,
VIM-90,3009094,VIM-90,
VIM-91,3009095,VIM-91,
YOC-1,3009096,YOC-1,
VEB-16,3003712,VEB-16,
YRC-1,3005035,YRC-1,
SED-1,3003561,SED-1,
Mycobacterium tuberculosis rpoB with mutations conferring resistance to rifampicin,3003283,Mycobacterium tuberculosis rpoB with mutations conferring resistance to rifampicin,
Mycobacterium tuberculosis fgd1 with mutation conferring resistance to delamanid,3007849,Mycobacterium tuberculosis fgd1 with mutation conferring resistance to delamanid,
CfiA28,3009098,CfiA28,
CfiA29,3009099,CfiA29,
CfiA30,3009100,CfiA30,
CfiA31,3009101,CfiA31,
Mycobacterium avium gyrA with mutation conferring resistance to fluoroquinolone,3007473,Mycobacterium avium gyrA with mutation conferring resistance to fluoroquinolone,
CMH-26,3008099,CMH-26,
CTX-M-260,3008149,CTX-M-260,
Escherichia coli PBP3 mutants conferring resistance to beta-lactam antibiotics,3007423,Escherichia coli PBP3 mutants conferring resistance to beta-lactam antibiotics,
OXY-1-7,3009192,OXY-1-7,
AAC(3)-Ib/AAC(6')-Ib3 bifunctional protein,3002600,AAC(3)-Ib/AAC(6')-Ib3 bifunctional protein,
Escherichia coli AcrAB-TolC with MarR mutations conferring resistance to ciprofloxacin and tetracycline,3003378,Escherichia coli AcrAB-TolC with MarR mutations conferring resistance to ciprofloxacin and tetracycline,
"Escherichia coli AcrAB-TolC with AcrR mutation conferring resistance to ciprofloxacin, tetracycline, and ceftazidime",3003807,"Escherichia coli AcrAB-TolC with AcrR mutation conferring resistance to ciprofloxacin, tetracycline, and ceftazidime",
,,,
